normalized	canonical	clue
aba	aba	Borda de chapéu
abaco	ábaco	Calculadora de bolinhas
abade	abade	Chefe de mosteiro
abala	abala	Estremece, sacode
abalo	abalo	Tremor de terra
abana	abana	O cão ___ a cauda
abas	abas	Bordas de chapéus
abate	abate	Desanima, derruba
abeto	abeto	Conífera usada como árvore de Natal
abono	abono	Bônus salarial
abra	abra	___ a janela, por favor
abram	abram	___ os livros na página dez
abre	abre	A loja ___ às nove
abrem	abrem	As lojas ___ às nove
abri	abri	Ontem eu ___ a janela
abria	abria	Ele sempre ___ a porta para ela
abril	abril	Quarto mês do ano
abrir	abrir	Destrancar; oposto de fechar
abriu	abriu	A loja ___ cedo
abro	abro	Eu sempre ___ a janela cedo
abusa	abusa	Exagera, extrapola
abuse	abuse	Não ___ da sorte
abuso	abuso	___ de autoridade
acaba	acaba	O filme ___ às dez
acabe	acabe	Antes que o dia ___
acabo	acabo	Eu ___ de chegar
acao	ação	Ato; papel de empresa na bolsa
acaso	acaso	Sorte, eventualidade
acena	acena	Ele ___ da janela
acene	acene	___ para a câmera!
aceno	aceno	Gesto de mão
acesa	acesa	Luz ___ (ligada)
aceso	aceso	Ligado, como a lâmpada
acha	acha	Ela ___ que vai chover
acham	acham	Eles ___ que vai chover
achar	achar	Encontrar; julgar
ache	ache	Espero que você ___ a chave
achei	achei	Eu ___ a chave perdida!
achem	achem	Espero que ___ a chave
acho	acho	Eu ___ que vai chover
achou	achou	Ele ___ a chave
acida	ácida	Chuva ___
acido	ácido	De sabor azedo
acima	acima	Em cima, no alto
acme	acme	Ponto mais alto, auge
acne	acne	Espinhas na pele
aco	aço	Liga de ferro e carbono
acoes	ações	Atos, atitudes
acola	acolá	Lá longe, ali adiante
acre	acre	Azedo, ácido
acusa	acusa	Aponta como culpado
acuse	acuse	Não me ___ sem provas
acuso	acuso	Eu ___ o recebimento
adega	adega	Lugar onde se guardam vinhos
adere	adere	Gruda, cola bem
adeus	adeus	Despedida definitiva
adia	adia	Deixa para depois
adiar	adiar	Deixar para depois
adido	adido	___ cultural (de embaixada)
adie	adie	Não ___ o que pode fazer hoje
adiei	adiei	Eu ___ a reunião para amanhã
adiou	adiou	Deixou para depois
adora	adora	Ela ___ chocolate
adore	adore	Espero que você ___ o presente
adoro	adoro	Eu ___ chocolate
adota	adota	Ela ___ um gatinho
adote	adote	___ um cão, não compre
adubo	adubo	Fertilizante
aerea	aérea	Companhia ___ (de aviões)
aereo	aéreo	Relativo ao ar ou à aviação
afega	afegã	Mulher nascida em Cabul
afeta	afeta	Atinge, influencia
afete	afete	Que isso não ___ você
afeto	afeto	Carinho, afeição
afia	afia	Amola a faca
afiar	afiar	Amolar a faca
afim	afim	Semelhante, relacionado
afins	afins	Semelhantes, correlatos
afoga	afoga	Submerge
afora	afora	Mundo ___ (por aí)
afro	afro	De origem africana
aga	agá	Nome da letra H
agata	ágata	Pedra semipreciosa em faixas
age	age	Ele ___ sem pensar
ageis	ágeis	Rápidos, ligeiros
agem	agem	Eles ___ rápido na emergência
agi	agi	Eu ___ rápido na hora do susto
agia	agia	Ele ___ como criança
agiam	agiam	Eles ___ com calma
agido	agido	Ele tinha ___ com cautela
agil	ágil	Rápido e ligeiro
agir	agir	Tomar uma atitude
agira	agirá	Ele ___ amanhã, sem falta
agita	agita	Sacode
agite	agite	___ antes de usar
agito	agito	Movimento, badalação
agiu	agiu	Ele ___ rápido
agora	agora	Neste momento
agua	água	Líquido essencial à vida
aguas	águas	Rios e lagos
aguda	aguda	Nota alta, estridente
agudo	agudo	Ângulo menor que o reto
aguia	águia	Ave de rapina de visão aguçada
ainda	ainda	Até agora
aipo	aipo	Salsão
aja	aja	___ com calma!
ajam	ajam	___ rápido, pessoal!
ajo	ajo	Eu ___ com calma
ajuda	ajuda	Auxílio, socorro
ajude	ajude	Por favor, me ___!
ajudo	ajudo	Eu ___ você na mudança
ala	ala	Divisão de escola de samba
alada	alada	Dotada de asas
alado	alado	Que tem asas
alas	alas	Setores da escola de samba
album	álbum	Livro de fotos ou figurinhas
alca	alça	Parte da bolsa que se segura
alcas	alças	Tiras da mochila
alce	alce	Cervo grande do Canadá
alces	alces	Cervos grandes do Canadá
alega	alega	O réu ___ inocência
alem	além	Mais adiante
alema	alemã	Nascida em Berlim
alfa	alfa	Primeira letra grega
alfas	alfas	Machos dominantes do bando
alga	alga	Planta marinha
algas	algas	Vegetais marinhos
algo	algo	Alguma coisa
algum	algum	Pronome indefinido: um ou outro
alho	alho	Tempero em dentes
ali	ali	Naquele lugar
alia	alia	Ele ___ teoria e prática
aliar	aliar	Unir, coligar
alias	aliás	Diga-se de passagem
alibi	álibi	Prova de que estava em outro lugar
aliou	aliou	Ele se ___ ao antigo rival
alisa	alisa	Faz chapinha no cabelo
alise	alise	Quero que ela ___ meu cabelo
alma	alma	Espírito
almas	almas	Espíritos
alo	alô	Saudação ao telefone
alta	alta	Maré ___
altar	altar	Mesa sagrada da igreja
altas	altas	Elevadas, de grande estatura
alto	alto	De grande estatura
altos	altos	Elevados
aluga	aluga	Ele ___ um apartamento
alugo	alugo	Eu ___ um apartamento
aluna	aluna	A ___ tirou dez na prova
aluno	aluno	Estudante
alva	alva	Branca, pura
alvo	alvo	Mira; objetivo
alvos	alvos	Objetivos, metas
ama	ama	Ela ___ os filhos
amada	amada	Querida
amado	amado	Querido
amago	âmago	Cerne, essência
amam	amam	Eles se ___ muito
amar	amar	Querer bem
amara	amará	Ela te ___ para sempre
amava	amava	Ela o ___ muito
ambar	âmbar	Resina fóssil amarela
ambas	ambas	As duas
ambos	ambos	Os dois
ame	ame	___ o próximo
ameba	ameba	Ser unicelular de forma variável
amei	amei	Eu ___ o presente!
amem	amém	Assim seja
ameno	ameno	Agradável, suave
amido	amido	Carboidrato da batata e do milho
amiga	amiga	Companheira, colega
amigo	amigo	Companheiro, camarada
amo	amo	Eu ___ você
amole	amole	Não me ___ com isso, estou ocupado
amor	amor	Sentimento de afeto profundo
amora	amora	Fruta roxa pequena
amou	amou	Ele a ___ a vida inteira
ampla	ampla	Vasta, espaçosa
amplo	amplo	Espaçoso
ana	anã	Estrela ___ branca
anao	anão	Ser pequeno dos contos de fadas
anas	anãs	Estrelas ___ brancas
anca	anca	Quadril
ancas	ancas	Quadris
ancia	anciã	Mulher idosa
anda	anda	Ele ___ de bicicleta
andam	andam	Eles ___ pela praia
andar	andar	Caminhar; pavimento
ande	ande	___ logo, estamos atrasados!
andei	andei	Eu ___ muito hoje
andem	andem	___ mais rápido, gente!
ando	ando	Eu ___ de bicicleta
andou	andou	Ele ___ até a praça
aneis	anéis	Joias dos dedos
anel	anel	Joia do dedo
anexo	anexo	Arquivo junto ao e-mail
anil	anil	Azul intenso
anima	anima	Alegra, entusiasma
animo	ânimo	Disposição, entusiasmo
anis	anis	Erva-doce
anjo	anjo	Mensageiro celestial com asas
anjos	anjos	Seres celestiais com asas
ano	ano	Doze meses
anoes	anões	Os sete ___ da Branca de Neve
anos	anos	Períodos de doze meses
anota	anota	Escreve no caderno
anote	anote	___ o telefone dele
anoto	anoto	Eu ___ tudo no caderno
ansia	ânsia	Aflição, angústia
anta	anta	Tapir brasileiro
ante	ante	Preposição: em face de
antes	antes	Contrário de depois
antro	antro	Covil, caverna
anu	anu	Ave preta do campo
anual	anual	Que ocorre a cada doze meses
anula	anula	Cancela, invalida
anule	anule	Juiz, ___ esse gol!
anzol	anzol	Gancho de pescar
aonde	aonde	Para que lugar?
aorta	aorta	Maior artéria do corpo
aos	aos	A + os
apaga	apaga	Ele ___ a luz ao sair
apago	apago	Eu ___ a luz ao sair
apega	apega	Ela se ___ fácil aos bichos
apego	apego	Afeição, vínculo
apela	apela	Recorre da decisão
apelo	apelo	Pedido insistente
apice	ápice	Ponto mais alto
apita	apita	O juiz ___ o fim do jogo
apito	apito	Instrumento do juiz de futebol
apoia	apoia	Ela ___ o amigo
apoie	apoie	Espero que você me ___
apoio	apoio	Ajuda, suporte
apos	após	Depois de
apta	apta	Capaz, habilitada
apto	apto	Capaz, habilitado
aptos	aptos	Capazes, habilitados
apuro	apuro	Aperto, dificuldade
aquem	aquém	Ficar ___ das expectativas
aqui	aqui	Neste lugar
arabe	árabe	Idioma falado no Egito
arado	arado	Máquina de lavrar a terra
aram	aram	Lavram a terra
arame	arame	Fio metálico de cerca
arar	arar	Lavrar a terra
arara	arara	Ave de cauda longa e colorida
arca	arca	___ de Noé
arcar	arcar	___ com as despesas
arco	arco	___-íris
arcos	arcos	Estruturas curvas de pontes
arda	arda	Que o fogo ___ a noite toda
arde	arde	Queima, como pimenta
ardem	ardem	Os olhos ___ com a fumaça
arder	arder	Queimar, pegar fogo
ardeu	ardeu	O olho ___ com o xampu
ardia	ardia	O sol ___ na pele
ardil	ardil	Artimanha, truque
ardor	ardor	Paixão intensa, fervor
ardua	árdua	Difícil, penosa
arduo	árduo	Difícil, trabalhoso
area	área	Superfície; zona
areas	áreas	Superfícies, zonas
areia	areia	Grãos da praia
arena	arena	Local de espetáculos e lutas
ares	ares	Mudar de ___ (trocar de ambiente)
aria	ária	Canção solo de ópera
arias	árias	Solos de ópera
arida	árida	Seca, como a terra do sertão
arido	árido	Seco, sem umidade
armar	armar	Montar, preparar
arme	arme	___ a barraca no camping
armei	armei	Eu ___ a barraca
armem	armem	Que eles ___ a barraca
armou	armou	Ele ___ a barraca
aro	aro	Armação dos óculos
aroma	aroma	Cheiro agradável
aros	aros	Argolas, anéis
arpao	arpão	Lança para caçar baleias
arroz	arroz	Par do feijão
arte	arte	Pintura, música, escultura
artes	artes	Pintura, música e dança
asa	asa	Membro para voar
asas	asas	Servem para voar
asco	asco	Nojo
ases	ases	Cartas de maior valor
asilo	asilo	Refúgio concedido a exilados
asno	asno	Burro, jumento
asnos	asnos	Burros, jumentos
aspas	aspas	Sinais de citação
assa	assa	O forno ___ o frango
assam	assam	Eles ___ carne no churrasco
assar	assar	Cozinhar no forno
asse	asse	Que ele ___ o frango no forno
assei	assei	Eu ___ pão hoje cedo
assim	assim	Deste modo
assoe	assoe	___ o nariz no lenço
assou	assou	Ela ___ o bolo no forno
astro	astro	Corpo celeste
ata	ata	Registro de reunião
ataca	ataca	Investe contra o rival
ataco	ataco	Eu ___ pela ponta esquerda
atada	atada	Amarrada
atado	atado	Amarrado
atar	atar	Amarrar
atas	atas	Registros de reuniões
ate	até	Preposição de limite
atear	atear	___ fogo (incendiar)
ateia	ateia	Mulher que não crê em Deus
ateou	ateou	Ontem ele ___ fogo às folhas
ater	ater	___-se aos fatos
ateu	ateu	Quem não crê em Deus
ateus	ateus	Os que não creem em Deus
atira	atira	Lança, arremessa
atire	atire	___ a primeira pedra
atiro	atiro	Eu ___ pedrinhas no lago
ativa	ativa	Dinâmica, atuante
ative	ative	___ o alarme antes de sair
ativo	ativo	Dinâmico, atuante
atlas	atlas	Livro de mapas
ato	ato	Ação; parte de peça teatral
atol	atol	Ilha de coral em forma de anel
atomo	átomo	Menor partícula de um elemento
ator	ator	Artista de novela
atos	atos	Ações; divisões de uma peça
atrai	atrai	O ímã ___ o ferro
atras	atrás	Oposto de à frente
atrio	átrio	Saguão de entrada
atriz	atriz	Estrela de cinema
atroz	atroz	Cruel, horrendo
atua	atua	Ela ___ na novela das nove
atual	atual	Do momento presente
atuam	atuam	Eles ___ na novela
atuar	atuar	Representar um papel
atue	atue	Espero que ela ___ bem na peça
atuei	atuei	Eu ___ numa novela
atum	atum	Peixe comum em lata
atuo	atuo	Eu ___ no teatro amador
atuou	atuou	Ele ___ no filme
atura	atura	Aguenta, suporta
aturo	aturo	Eu não ___ barulho
audaz	audaz	Ousado, corajoso
audio	áudio	Som gravado
auge	auge	Ponto mais alto, apogeu
aula	aula	Lição dada pelo professor
aulas	aulas	Lições da escola
aura	aura	Brilho que envolve alguém
aurea	áurea	Lei ___ (1888)
autor	autor	Quem escreve um livro
autos	autos	Carros, veículos
aval	aval	Aprovação, consentimento
ave	ave	Animal com penas e bico
aveia	aveia	Cereal do mingau
avela	avelã	Castanha do creme de chocolate
aves	aves	Animais com penas
aviao	avião	Aeronave
avida	ávida	Sedenta, ansiosa
avido	ávido	Ansioso, sedento
avisa	avisa	Ele ___ quando chegar
avise	avise	Me ___ quando chegar
aviso	aviso	Comunicado, alerta
avo	avó	Mãe do pai ou da mãe
avos	avós	Pais dos pais
axe	axé	Ritmo baiano de carnaval
axila	axila	Sovaco
azar	azar	Má sorte
azeda	azeda	O leite ___ fora da geladeira
azedo	azedo	Sabor do limão
azia	azia	Queimação no estômago
azuis	azuis	Olhos ___ (como o céu)
azul	azul	Cor do céu
baba	babá	Cuida das crianças da família
babao	babão	Puxa-saco, bajulador
babar	babar	Soltar saliva
babas	babás	Cuidadoras de crianças
babou	babou	O bebê ___ na roupa
bacia	bacia	Recipiente para lavar roupa
baco	baço	Órgão perto do estômago
bafo	bafo	Hálito forte
baga	baga	Fruto pequeno e carnoso
bagas	bagas	Frutos pequenos e carnosos
bagre	bagre	Peixe de bigodes
baia	baía	Enseada, pequeno golfo
baile	baile	Festa com dança
baita	baita	Enorme, informalmente
baixa	baixa	Temporada ___, sem turistas
baixe	baixe	___ o volume, por favor
baixo	baixo	Contrário de alto
bala	bala	Guloseima de chupar
balao	balão	Bexiga cheia de ar
balas	balas	Doces de chupar
balde	balde	Recipiente com alça para água
bale	balé	Dança clássica com sapatilhas
balsa	balsa	Embarcação que leva carros
bamba	bamba	Corda ___ do equilibrista
bambu	bambu	Planta de caule oco
banal	banal	Comum, trivial
banca	banca	___ de jornal
banco	banco	Assento; instituição financeira
banda	banda	Conjunto musical
bando	bando	Grupo de aves
bane	bane	Expulsa, exclui
banha	banha	Gordura de porco
banho	banho	Lavagem do corpo
banir	banir	Expulsar, proibir
baniu	baniu	Expulsou, proibiu
banjo	banjo	Instrumento de cordas de caixa redonda
baque	baque	Queda com estrondo, choque
bar	bar	Botequim
barao	barão	Título de nobreza abaixo do visconde
barba	barba	Pelos do rosto masculino
barca	barca	Balsa de travessia
barco	barco	Pequena embarcação
bardo	bardo	Poeta cantor medieval
bares	bares	Botecos
barra	barra	___ de chocolate
barro	barro	Argila molhada
basco	basco	Povo do norte da Espanha
base	base	Alicerce, fundamento
bases	bases	Alicerces
basta	basta	Chega, já é suficiente
bata	bata	___ na porta antes de entrar
batam	batam	Que todos ___ palmas
bate	bate	O coração ___ forte
batem	batem	Eles ___ na porta
bater	bater	___ palmas
bateu	bateu	Ele ___ o recorde ontem
bati	bati	Eu ___ na porta, mas ninguém abriu
batia	batia	Antes ele ___ bola todo sábado
bato	bato	Eu ___ na porta antes de entrar
batom	batom	Cosmético para os lábios
bau	baú	Caixa grande com tampa
baus	baús	Arcas, caixas grandes
bazar	bazar	Loja de miudezas
beata	beata	Mulher muito devota
beba	beba	___ água!
bebam	bebam	Que eles ___ bastante água
bebe	bebê	Recém-nascido
bebem	bebem	Eles ___ água
beber	beber	Tomar líquido
bebes	bebês	Recém-nascidos
bebeu	bebeu	Ele ___ um copo de leite
bebi	bebi	Ontem eu ___ muita água
bebia	bebia	Ele ___ leite quente
bebo	bebo	Eu ___ café todo dia
bebum	bebum	Pinguço, beberrão
beca	beça	À ___ (em grande quantidade)
beco	beco	Rua estreita e sem saída
becos	becos	Vielas sem saída
bege	bege	Cor de areia
beija	beija	Ele ___ a namorada
beije	beije	___ a noiva!
beijo	beijo	Carinho dado com os lábios
beira	beira	Margem, borda
bela	bela	Bonita, formosa
belas	belas	Bonitas
belga	belga	Nascido em Bruxelas
belo	belo	Bonito, lindo
belos	belos	Lindos
bem	bem	Contrário de mal
bemol	bemol	Sinal que abaixa a nota meio tom
bens	bens	Posses, patrimônio
benta	benta	Água ___
bento	bento	Abençoado, consagrado
berco	berço	Cama de bebê
berra	berra	Grita alto
berro	berro	Grito forte
besta	besta	Pateta, tonto
beta	beta	Segunda letra grega
betas	betas	Versões de teste de software
bicar	bicar	O que a galinha faz no milho
bicho	bicho	Animal, em linguagem popular
bico	bico	Boca de ave
bicos	bicos	Bocas das aves
bide	bidê	Louça de banheiro para higiene íntima
bife	bife	Fatia de carne frita
bifes	bifes	Fatias de carne
bile	bile	Líquido produzido pelo fígado
bingo	bingo	Jogo de cartela e números
bipar	bipar	Passar no leitor de código de barras
bipe	bipe	Som curto eletrônico
bipes	bipes	Sinais sonoros curtos
birra	birra	Manha de criança
bis	bis	Pedido da plateia: mais um!
bisa	bisa	Mãe do avô, carinhosamente
bisao	bisão	Grande bovino selvagem da América
bispo	bispo	Peça do xadrez que anda na diagonal
blefe	blefe	Mentira no pôquer
bloco	bloco	___ de Carnaval
blusa	blusa	Peça de roupa feminina
boa	boa	Contrário de má
boas	boas	___ festas! (voto)
boate	boate	Casa noturna de dança
boato	boato	Fofoca sem confirmação
boba	boba	Tola
bobao	bobão	Tontão, bocó
bobas	bobas	Ingênuas, tontas
bobo	bobo	Tolo, pateta
bobos	bobos	Tolos
boca	boca	Por onde se come
bocal	bocal	Onde se rosqueia a lâmpada
bocas	bocas	Partes do rosto por onde se come
bocha	bocha	Jogo de bolas na cancha
boco	bocó	Bobo, tolo
boda	boda	Festa de casamento
bodas	bodas	___ de prata ou de ouro
bode	bode	Macho da cabra
bodes	bodes	Machos da cabra
boi	boi	Bovino de tração
boia	boia	Salva-vidas redondo
boiar	boiar	Flutuar
boina	boina	Chapéu de pintor francês
bois	bois	Gado de arado
bola	bola	Objeto redondo do futebol
bolao	bolão	Aposta coletiva
bolar	bolar	Inventar, planejar
bolas	bolas	Esferas de jogos
bolei	bolei	Eu ___ uma surpresa
bolha	bolha	Bola de sabão
bolo	bolo	Doce de aniversário
bolor	bolor	Mofo
bolos	bolos	Doces de aniversário
bolou	bolou	Ele ___ um plano genial
bolsa	bolsa	Sacola de mão
bolso	bolso	Compartimento da calça
bom	bom	Contrário de mau
bonde	bonde	Veículo urbano sobre trilhos
bone	boné	Chapéu com aba frontal
bones	bonés	Chapéus de aba curva
bongo	bongo	Tambor de percussão
bons	bons	Contrário de maus
bonus	bônus	Prêmio extra
borda	borda	Beirada
bordo	bordo	A ___ do navio
borra	borra	Resto do café no fundo
bossa	bossa	___ nova, gênero musical
bota	bota	Calçado de cano alto
botam	botam	Eles ___ a mesa do jantar
botao	botão	Peça que fecha a camisa
botar	botar	Pôr, colocar
botas	botas	Calçados de cano alto
bote	bote	Barco pequeno
botei	botei	Eu ___ a mesa do jantar
botem	botem	___ a mesa para o jantar!
botes	botes	Barcos infláveis
boto	boto	Golfinho da Amazônia
botou	botou	Ela ___ a mesa para o jantar
boxe	boxe	Luta com luvas
braba	braba	Furiosa, informalmente
brabo	brabo	Irritado, zangado
braco	braço	Membro superior
brasa	brasa	Carvão em chama
brava	brava	Zangada, irritada
bravo	bravo	Zangado; corajoso
brega	brega	Cafona
brejo	brejo	Pântano, charco
breu	breu	Escuridão total
breve	breve	Curto, rápido
briga	briga	Discussão, desavença
brigo	brigo	Eu ___ com meu irmão
brim	brim	Tecido grosso de algodão
brio	brio	Garra, dignidade
brisa	brisa	Vento leve e fresco
brita	brita	Pedrinha usada na construção
broca	broca	Ponta da furadeira
brota	brota	Nasce, germina
broto	broto	Rebento de planta
bruma	bruma	Névoa, neblina
bruta	bruta	Força ___
bruto	bruto	Grosseiro, rude
bruxa	bruxa	Mulher da vassoura voadora
bruxo	bruxo	Homem que faz feitiços
bucal	bucal	Relativo à boca
bucha	bucha	Esponja vegetal para banho
bucho	bucho	Estômago de animal
bufao	bufão	Palhaço, bobo da corte
bufe	bufê	Serviço de comida de festa
bula	bula	Folheto que vem no remédio
bulbo	bulbo	Parte subterrânea da tulipa
bule	bule	Vasilha de café ou chá
buque	buquê	Ramalhete de flores
burca	burca	Véu que cobre todo o corpo
burro	burro	Animal de carga; tolo
busca	busca	Procura
busco	busco	Eu te ___ no aeroporto
busto	busto	Escultura do tronco e cabeça
cabal	cabal	Pleno, completo
cabe	cabe	Não ___ na mala
cabem	cabem	Aqui ___ dez pessoas
caber	caber	Ter espaço suficiente
cabia	cabia	Não ___ mais ninguém no carro
cabo	cabo	Fio condutor; patente militar
cabos	cabos	Fios elétricos
cabra	cabra	Fêmea do bode
caca	caça	___-palavras (passatempo)
cacam	caçam	Os leões ___ zebras
cacar	caçar	Perseguir animais
cacau	cacau	Fruto do chocolate
cacei	cacei	Eu ___ ovos na Páscoa
cache	cachê	Pagamento por apresentação
cacho	cacho	___ de uvas
caco	caco	Pedaço de vidro quebrado
cacos	cacos	Pedaços de vidro quebrado
cacou	caçou	Ele ___ borboletas no jardim
cacto	cacto	Planta do deserto com espinhos
cada	cada	___ um por si
cade	cadê	Onde está? (informal)
caem	caem	As folhas ___ no outono
caes	cães	Cachorros
cafe	café	Bebida de grãos torrados
cafes	cafés	Expressos e coados
cai	cai	A chuva ___ forte
caia	caia	Não ___ nessa!
caiam	caiam	Tomara que os preços ___
caiba	caiba	Espero que ___ na mala
caida	caída	Tombada, no chão
caido	caído	Derrubado no chão
caio	caio	Eu tropeço e ___
cair	cair	Ir ao chão
caira	cairá	A chuva ___ amanhã
cais	cais	Plataforma do porto
caiu	caiu	O copo ___ no chão
caixa	caixa	Embalagem de papelão
caju	caju	Fruta da castanha nordestina
cal	cal	Pó branco usado na construção
cala	cala	Quem ___ consente
calam	calam	Silenciam
calar	calar	Ficar em silêncio
calca	calça	Veste as pernas
calce	calce	___ os sapatos e vamos
calco	calço	Peça sob o pé da mesa bamba
calda	calda	Cobertura doce do pudim
caldo	caldo	Sopa rala
cale	cale	___ a boca!
calei	calei	Eu me ___ na hora certa
calem	calem	___ a boca, crianças!
calha	calha	Escoa a água do telhado
calma	calma	Tranquilidade, serenidade
calmo	calmo	Tranquilo, sereno
calo	calo	Dureza na sola do pé
calor	calor	Temperatura alta
calos	calos	Durezas na pele do pé
calou	calou	Ele se ___ de vergonha
calvo	calvo	Careca
cama	cama	Móvel para dormir
camas	camas	Leitos
campo	campo	Área rural; gramado
cana	cana	Planta da garapa
canal	canal	Emissora de TV; via de água
canas	canas	Talos que viram garapa
canil	canil	Abrigo de cachorros
canis	canis	Abrigos para cães
canja	canja	Sopa de galinha
cano	cano	Tubo de água
canoa	canoa	Barco a remo estreito
canos	canos	Tubos
cansa	cansa	Fatiga, esgota
canse	canse	Não se ___ à toa
canso	canso	Eu me ___ fácil
canta	canta	O galo ___ de manhã
cante	cante	___ uma música para nós
canto	canto	Ângulo de uma sala
cao	cão	Cachorro
caos	caos	Desordem total
capa	capa	Cobertura do livro
capas	capas	___ de chuva
capaz	capaz	Apto, competente
capim	capim	Grama alta de pasto
capo	capô	Tampa do motor do carro
capta	capta	A antena ___ o sinal
capto	capto	Eu ___ o sinal da rádio
capuz	capuz	Parte do casaco que cobre a cabeça
caqui	caqui	Fruta alaranjada de origem asiática
cara	cara	Rosto, face
caras	caras	Rostos, semblantes
carga	carga	Mercadoria transportada
cargo	cargo	Função numa empresa
carie	cárie	Buraco no dente
carma	carma	Consequência das ações, no budismo
carne	carne	Alimento do açougue
caro	caro	De alto preço
caros	caros	Dispendiosos
carpa	carpa	Peixe comum em lagos ornamentais
carro	carro	Automóvel
carta	carta	Mensagem enviada pelo correio
casa	casa	Moradia, lar
casal	casal	Par de namorados
casam	casam	Os noivos se ___ no sábado
casar	casar	Contrair matrimônio
casas	casas	Moradias
casca	casca	Envoltório da fruta
casco	casco	Unha do cavalo
case	case	Quero que ela se ___ comigo
casei	casei	Eu me ___ em maio
casem	casem	Que os noivos se ___ logo
caso	caso	Situação, ocorrência
casos	casos	Ocorrências, situações
casou	casou	Ela ___ na igreja
caspa	caspa	Escamas brancas do couro cabeludo
casta	casta	Pura, virtuosa
casto	casto	Puro, virtuoso
cata	cata	Ele ___ conchas na praia
catar	catar	Recolher do chão, um a um
cate	cate	___ as roupas espalhadas
cato	cato	Eu ___ as folhas do chão
cauda	cauda	Parte do corpo que o cão abana
caule	caule	Tronco da planta
causa	causa	Motivo, razão
cause	cause	Espero que não ___ problemas
causo	causo	Relato popular do interior
cava	cava	O cão ___ um buraco
cavam	cavam	Eles ___ um buraco no quintal
cavar	cavar	Abrir buraco na terra
cave	cave	___ um buraco no quintal
cavei	cavei	Eu ___ um buraco
cavem	cavem	Peça que eles ___ um buraco
cavo	cavo	Eu ___ um buraco na areia
cavou	cavou	O tatu ___ a toca
cear	cear	Jantar (formal)
ceda	ceda	___ o lugar ao idoso
cede	cede	Abre mão, dá o lugar
cedem	cedem	Eles ___ o lugar aos idosos
ceder	ceder	Abrir mão, entregar
cedeu	cedeu	Ele ___ o lugar à idosa
cedi	cedi	Ontem eu ___ meu lugar no ônibus
cedo	cedo	Contrário de tarde
cedro	cedro	Árvore símbolo do Líbano
cega	cega	Faca ___ (sem fio)
cegar	cegar	Tirar a visão
cegas	cegas	Sem fio, como facas velhas
cego	cego	Que não enxerga
cegos	cegos	Que não enxergam
cegou	cegou	O farol alto me ___
ceia	ceia	Refeição da noite de Natal
cela	cela	Quarto do preso
celas	celas	Quartos de prisão
celta	celta	Povo antigo da Irlanda e da Gália
cem	cem	Uma centena
cena	cena	Parte de um filme ou peça
cenas	cenas	Partes de um filme
censo	censo	Contagem da população
cento	cento	Cem unidades
cepa	cepa	Variedade de uva do vinho
cera	cera	Produto da abelha usado em velas
cerca	cerca	Grade que delimita um terreno
cerco	cerco	Bloqueio em volta de um lugar
cerne	cerne	Âmago, essência
certa	certa	Correta, exata
certo	certo	Correto, exato
cervo	cervo	Mamífero de chifres ramificados
cessa	cessa	Para, termina
cesse	cesse	Que a chuva ___ logo
cesta	cesta	___ básica
cesto	cesto	Recipiente de vime
cetim	cetim	Tecido brilhante e liso
cetro	cetro	Bastão do rei
ceu	céu	Firmamento
ceus	céus	Firmamentos
cha	chá	Infusão de ervas
chale	chalé	Casa de campo de madeira
chama	chama	Labareda, fogo
chame	chame	___ um táxi, por favor
chamo	chamo	Eu me ___ Maria
chao	chão	Piso, solo
chapa	chapa	Placa de metal para grelhar
chas	chás	Infusões de ervas
chata	chata	Maçante, enfadonha
chato	chato	Aborrecido, maçante
chave	chave	Abre a fechadura
checa	checa	Confere, verifica
chefa	chefa	Mulher que comanda a equipe
chefe	chefe	Superior hierárquico
chega	chega	Basta!
chego	chego	Eu ___ às oito
cheia	cheia	Lua ___
cheio	cheio	Repleto, lotado
chia	chia	Reclama, resmunga
chiar	chiar	Emitir som agudo; reclamar
chita	chita	Tecido florido de festa junina
choca	choca	Escandaliza
choco	choco	Sem gás, como refrigerante velho
chope	chope	Cerveja de pressão
chora	chora	Derrama lágrimas
chore	chore	Não ___, vai passar
choro	choro	Pranto
chova	chova	Tomara que não ___ amanhã
chove	chove	___ muito no verão do Rio
chula	chula	Grosseira, de baixo calão
chule	chulé	Mau cheiro dos pés
chulo	chulo	Grosseiro, de baixo calão
chuta	chuta	O atacante ___ para o gol
chute	chute	Pontapé na bola
chuto	chuto	Eu ___ a bola
chuva	chuva	Água que cai das nuvens
ciclo	ciclo	Série de fases que se repete
cidra	cidra	Fruta cítrica de casca grossa
cifra	cifra	Quantia, valor
cilio	cílio	Pelo da pálpebra
cima	cima	Em ___ da mesa
cimo	cimo	Cume, topo
cinco	cinco	Número de dedos de uma mão
cinta	cinta	Faixa modeladora abdominal
cinto	cinto	Segura a calça na cintura
cinza	cinza	Cor entre o preto e o branco
cio	cio	Período fértil dos animais
cipo	cipó	Trepadeira da mata usada como corda
cipos	cipós	Trepadeiras da floresta
circo	circo	Espetáculo com palhaços
cisco	cisco	Grão de poeira no olho
cisma	cisma	Desconfiança, implicância
cisne	cisne	Ave de pescoço longo
cita	cita	Menciona
citar	citar	Mencionar
cite	cite	___ um exemplo
citei	citei	Eu ___ o autor no trabalho
cito	cito	Eu ___ o autor no texto
citou	citou	Ele ___ um trecho do livro
ciume	ciúme	Medo de perder a pessoa amada
civil	civil	Não militar
civis	civis	Não militares
cla	clã	Grupo de famílias de mesmo ancestral
clama	clama	Pede aos gritos
clamo	clamo	Eu ___ por justiça
clara	clara	Parte branca do ovo
claro	claro	Iluminado; evidente
clas	clãs	Tribos, famílias
clave	clave	___ de sol (na pauta)
clero	clero	Conjunto dos padres
clica	clica	Aperta o botão do mouse
clima	clima	Condições do tempo de uma região
clipe	clipe	Prendedor de papéis
clone	clone	Cópia idêntica
cloro	cloro	Produto de limpar piscina
clube	clube	Associação recreativa
coala	coala	Marsupial que come eucalipto
cobra	cobra	Serpente
cobre	cobre	Metal avermelhado dos fios
cobri	cobri	Ontem eu ___ o bebê com a manta
cobro	cobro	Eu ___ caro pelo serviço
cocam	coçam	Picadas de mosquito ___ muito
cocar	coçar	Aliviar a comichão
coce	coce	Não ___ a picada!
coco	coco	Fruta com água dentro
cocos	cocos	Frutas com água dentro
cofre	cofre	Caixa-forte para guardar dinheiro
coice	coice	Patada de cavalo
coisa	coisa	Objeto qualquer
cola	cola	Serve para grudar papel
colam	colam	Eles ___ figurinhas no álbum
colar	colar	Enfeite de pescoço
cole	cole	___ o adesivo na capa
colei	colei	Eu ___ o selo na carta
colha	colha	___ as frutas maduras
colhe	colhe	Quem planta, ___
colhi	colhi	Ontem eu ___ frutas no pomar
colo	colo	Regaço de mãe
colon	cólon	Parte do intestino grosso
colou	colou	Ele ___ na prova e foi pego
com	com	Preposição de companhia
coma	coma	___ tudo, menino!
comam	comam	Que as crianças ___ salada
come	come	Ele ___ arroz e feijão
comem	comem	Eles ___ arroz e feijão
comer	comer	Alimentar-se
comes	comes	___ e bebes
comeu	comeu	Ele ___ todo o bolo
comi	comi	Eu ___ pizza ontem
comia	comia	Ele ___ pão no café
como	como	De que maneira?
comum	comum	Habitual, ordinário
conde	conde	Título de nobreza
cone	cone	Sinalizador laranja de trânsito
cones	cones	Sinalizadores de trânsito
conga	conga	Tambor de origem afro-cubana
conta	conta	Fatura a pagar
conte	conte	___ até dez
conto	conto	Narrativa curta
copa	copa	___ do Mundo
copas	copas	Naipe de coração
copia	cópia	Reprodução, imitação
copie	copie	___ e cole o texto
copio	copio	Eu ___ o texto do quadro
copo	copo	Recipiente para beber
copos	copos	Recipientes para beber
coque	coque	Penteado de cabelo preso no alto
cor	cor	Azul, verde ou vermelho
cora	cora	Ela ___ de vergonha
coral	coral	Grupo de cantores
corar	corar	Ficar vermelho de vergonha
corca	corça	Fêmea do veado
corda	corda	Usada para pular ou amarrar
cores	cores	Tons do arco-íris
corja	corja	Bando de malfeitores
coro	coro	Conjunto de vozes
coroa	coroa	Adorno da cabeça do rei
coros	coros	Grupos de cantores
corpo	corpo	Tronco, membros e cabeça
corra	corra	___, que o ônibus está saindo!
corre	corre	O tempo ___ depressa
corri	corri	Ontem eu ___ a maratona
corro	corro	Eu ___ no parque
corta	corta	A tesoura ___ o papel
corte	corte	Talho; tribunal
corto	corto	Eu ___ o pão com faca
corvo	corvo	Ave preta de mau agouro
cosmo	cosmo	O universo
cospe	cospe	A lhama ___ em quem chega perto
costa	costa	Litoral
cota	cota	Parcela, quinhão
cotas	cotas	Partes, quinhões
coube	coube	Tudo ___ na mala
couro	couro	Pele curtida de animal
couve	couve	Verdura da feijoada
covas	covas	Buracos para plantar mudas
covil	covil	Esconderijo de feras
coxa	coxa	Parte da perna acima do joelho
coxas	coxas	Partes das pernas acima dos joelhos
coxo	coxo	Manco
cravo	cravo	Flor e tempero
cre	crê	Acredita
credo	credo	Conjunto de crenças
creem	creem	Eles ___ em Deus
creia	creia	___ em mim!
creio	creio	Acredito
creme	creme	Hidratante para a pele
crepe	crepe	Panqueca fina francesa
crer	crer	Acreditar
cria	cria	Filhote
criam	criam	Eles ___ galinhas no sítio
criar	criar	Inventar; educar filhos
crias	crias	Filhotes
crie	crie	___ coragem e vá
criei	criei	Eu ___ meus filhos sozinho
criem	criem	Espero que ___ bem os filhos
crime	crime	Delito
crina	crina	Pelos do pescoço do cavalo
crio	crio	Eu ___ galinhas no quintal
criou	criou	Deus ___ o mundo
crise	crise	Momento difícil
cromo	cromo	Metal brilhante de para-choques
cru	cru	Não cozido
crua	crua	Não cozida
cruas	cruas	Não cozidas
cruel	cruel	Desumano, perverso
crus	crus	Não cozidos
cruz	cruz	Símbolo cristão
cruza	cruza	Atravessa
cruze	cruze	___ os dedos!
cruzo	cruzo	Eu ___ a rua na faixa
cubo	cubo	Sólido de seis faces
cubos	cubos	___ de gelo
cubra	cubra	___ a panela com a tampa
cubro	cubro	Eu sempre ___ a panela
cuca	cuca	Cabeça, popularmente
cuco	cuco	Relógio de passarinho
cueca	cueca	Roupa íntima masculina
cuida	cuida	Ela ___ bem das plantas
cuide	cuide	___ bem das plantas
cuido	cuido	Eu ___ das plantas
cuja	cuja	Pronome relativo possessivo (fem.)
cujas	cujas	A árvore ___ folhas caíram
cujo	cujo	Pronome relativo possessivo
cujos	cujos	O menino ___ pais viajaram
culpa	culpa	Responsabilidade por erro
culpe	culpe	Não me ___ pelo erro dele
culpo	culpo	Eu não te ___ por nada
culta	culta	Instruída, erudita
culto	culto	Cerimônia religiosa
cume	cume	Topo da montanha
cumes	cumes	Topos de montanhas
cunha	cunha	Peça para rachar lenha
cupe	cupê	Carro esportivo de duas portas
cupim	cupim	Inseto que rói madeira
cupom	cupom	Vale-desconto
cura	cura	Recuperação da saúde
curam	curam	Os remédios ___ a gripe
curar	curar	Sanar doença
curas	curas	Recuperações da saúde
curdo	curdo	Povo sem Estado do Oriente Médio
cure	cure	Espero que o chá ___ a gripe
curei	curei	Eu me ___ da gripe
curem	curem	Que os médicos ___ o paciente
curo	curo	Eu ___ a gripe com chá
curou	curou	O remédio ___ a gripe
curso	curso	Formação na faculdade
curta	curta	De pouco comprimento
curte	curte	Aprecia, gosta de
curti	curti	Eu ___ muito a festa de ontem
curto	curto	Breve, pequeno
curva	curva	Volta na estrada
curve	curve	Não se ___ diante de ninguém
curvo	curvo	Arqueado, torto
cuspa	cuspa	Não ___ no chão!
cuspe	cuspe	Saliva
cuspi	cuspi	Ontem eu ___ o caroço
custa	custa	Quanto ___ isso?
custe	custe	Espero que não ___ caro
custo	custo	Preço, valor
czar	czar	Imperador russo
dada	dada	Oferecida, doada
dadas	dadas	Mãos ___
dado	dado	Cubo numerado de jogos
dados	dados	Informações, números
dai	daí	Desse lugar; por isso
dali	dali	De lá, daquele lugar
dalia	dália	Flor ornamental de origem mexicana
dama	dama	Senhora elegante
damas	damas	Jogo de tabuleiro com pedras
damos	damos	Nós ___ presentes no Natal
danca	dança	Balé, samba ou valsa
dance	dance	___ comigo!
danco	danço	Eu ___ samba
dando	dando	Estou ___ uma festa
dano	dano	Prejuízo, estrago
danos	danos	Prejuízos
dao	dão	Eles ___ risada à toa
daqui	daqui	Deste lugar
dar	dar	Doar, oferecer
dara	dará	Isso ___ certo
darao	darão	Eles ___ a notícia amanhã
dardo	dardo	Pequena flecha do jogo de alvo
darei	darei	Eu te ___ um presente
darem	darem	Quando ___ o sinal, corra
daria	daria	Se pudesse, eu ___ a volta ao mundo
das	das	De + as
data	data	Dia, mês e ano
datam	datam	As ruínas ___ do século XV
datar	datar	Determinar a idade de um fóssil
datas	datas	Dias marcados no calendário
dava	dava	Ele ___ aulas de inglês
davam	davam	Na infância, eles ___ risada de tudo
debil	débil	Fraco, sem força
dedal	dedal	Capinha metálica de costureira
dedao	dedão	Polegar, na linguagem popular
dedo	dedo	Parte da mão
dedos	dedos	São cinco em cada mão
deduz	deduz	Conclui por raciocínio
deem	deem	Espero que me ___ razão
dei	dei	Ontem eu ___ um presente a ela
deita	deita	O cachorro ___ no tapete
deite	deite	___ no sofá e descanse
deito	deito	Eu me ___ cedo
deixa	deixa	___ pra lá! (esquece)
deixe	deixe	___ comigo! (eu resolvo)
deixo	deixo	Eu ___ a porta aberta
dela	dela	O carro ___ é azul
delas	delas	De + elas
dele	dele	Pertencente a ele
deles	deles	A casa ___ é grande
delta	delta	Foz de rio ramificada
demos	demos	Ontem nós ___ uma festa
densa	densa	Espessa, como a neblina
denso	denso	Espesso, compacto
dente	dente	Fica na boca e mastiga
depor	depor	Testemunhar em juízo
depos	depôs	A testemunha ___ ontem
der	der	Se ___ tempo, eu passo lá
deram	deram	Ontem eles ___ uma festa
derem	derem	Se me ___ uma chance
desca	desça	___ do carro devagar
desce	desce	Sobe e ___
desci	desci	Ontem eu ___ do ônibus
desco	desço	Eu ___ na próxima parada
desde	desde	A partir de (tempo)
despe	despe	Tira a roupa
dessa	dessa	De + essa
desse	desse	Contração de de com esse
desta	desta	De + esta
deste	deste	Contração de de com este
detem	detém	Ele ___ o recorde mundial
deter	deter	Prender; fazer parar
deu	deu	Ele me ___ um presente
deus	deus	Divindade
deusa	deusa	Divindade feminina
deve	deve	Ele ___ dinheiro ao banco
devem	devem	Vocês ___ descansar
dever	dever	Obrigação
deveu	deveu	Ele ___ o aluguel, mas já pagou
devia	devia	Você ___ descansar mais
devo	devo	Eu ___ dinheiro a ele
dez	dez	Número de dedos das mãos
dia	dia	Período de 24 horas
diabo	diabo	Demônio
dias	dias	A semana tem sete ___
dica	dica	Pista, sugestão
dicas	dicas	Pistas; palpites
dieta	dieta	Regime alimentar
diga	diga	___ a verdade!
digam	digam	Não ___ nada a ninguém
digna	digna	Honrada; merecedora
digno	digno	Merecedor, honrado
digo	digo	Eu ___ sempre a verdade
dingo	dingo	Cão selvagem da Austrália
dique	dique	Barreira contra as águas
dira	dirá	Só o tempo ___
dirao	dirão	Eles ___ a verdade amanhã
direi	direi	Eu não ___ nada a ninguém
diria	diria	Eu não ___ isso a ninguém
disco	disco	Vinil; objeto redondo e chato
disse	disse	Ele ___ a verdade ontem
disso	disso	A respeito dessa coisa
disto	disto	Contração de de com isto
dita	dita	Falada, pronunciada
ditam	ditam	Eles ___ as regras do jogo
ditar	ditar	Ler para alguém escrever
ditas	ditas	Pronunciadas, faladas
dite	dite	Que ele ___ as regras
dito	dito	Provérbio; o que se falou
ditos	ditos	Provérbios, adágios
ditou	ditou	O professor ___ o texto
diva	diva	Grande estrela da música
divas	divas	Cantoras aclamadas
diz	diz	Ele ___ sempre a verdade
dizem	dizem	___ que vai chover amanhã
dizer	dizer	Afirmar, declarar
dizia	dizia	Minha avó ___ isso toda hora
doa	doa	Ele ___ roupas aos pobres
doado	doado	Oferecido em caridade
doam	doam	Eles ___ sangue
doar	doar	Dar de graça
dobra	dobra	Prega, vinco
dobre	dobre	___ a roupa antes de guardar
dobro	dobro	Duas vezes a quantidade
doca	doca	Cais de atracação
docas	docas	Cais do porto
doce	doce	Açucarado
doces	doces	Sobremesas, guloseimas
docil	dócil	Manso, obediente
dodoi	dodói	Machucado, na fala infantil
doe	doe	É bom que você ___ sangue
doei	doei	Eu ___ sangue
doem	doem	Meus pés ___ depois da corrida
doer	doer	Latejar, incomodar
doera	doerá	A vacina não ___ nada
doeu	doeu	A injeção ___
dogma	dogma	Verdade tida como indiscutível
doi	dói	Minha cabeça ___
doia	doía	Meu dente ___ muito
doida	doida	Maluca
doido	doido	Louco
dois	dois	Número após o um
dolar	dólar	Moeda americana
dolo	dolo	Intenção criminosa
dom	dom	Talento natural
domar	domar	Amansar
domo	domo	Cúpula
domos	domos	Cúpulas
dona	dona	Proprietária
donas	donas	___ de casa
donde	donde	De que lugar (contração)
dono	dono	Proprietário
donos	donos	Proprietários
dons	dons	Talentos
doo	doo	Eu ___ sangue todo ano
doou	doou	Ele ___ sangue
dopar	dopar	Dar droga a atleta
dor	dor	Sofrimento físico
dores	dores	Sofrimentos do corpo
dorme	dorme	O bebê ___ no berço
dormi	dormi	Eu ___ cedo ontem
dorso	dorso	Costas
dos	dos	De + os
dose	dose	Quantidade de remédio
doses	doses	Quantidades de remédio
dote	dote	Bens que a noiva levava ao casar
dotes	dotes	Talentos, habilidades
dou	dou	Todo dia eu ___ comida ao gato
doula	doula	Acompanhante de parto
doze	doze	Uma dúzia
drama	drama	Gênero teatral sério
drena	drena	Escoa a água de
dreno	dreno	Tubo para escoar líquido
droga	droga	Porcaria, coisa ruim
dual	dual	Que tem duas partes
duas	duas	Um par, no feminino
duble	dublê	Substituto em cena de risco
ducha	ducha	Chuveiro forte
duelo	duelo	Combate entre dois rivais
dueto	dueto	Música para duas vozes
dum	dum	Contração de de com um
duna	duna	Monte de areia do deserto
dunas	dunas	Morros de areia
duo	duo	Dupla musical
dupla	dupla	Par de parceiros
duplo	duplo	Quarto ___, para duas pessoas
duque	duque	Título nobre acima de marquês
dura	dura	O show ___ duas horas
duram	duram	Pilhas que ___ muito
durao	durão	Linha-dura, inflexível
durar	durar	Permanecer no tempo
duras	duras	Rígidas
dure	dure	Que o amor ___ para sempre
durma	durma	___ bem, meu filho
durmo	durmo	Eu ___ cedo todo dia
duro	duro	Rígido, rijo
duros	duros	Rígidos
durou	durou	O filme ___ duas horas
duto	duto	Cano, tubulação
dutos	dutos	Tubos, canos
duzia	dúzia	Doze unidades
ebano	ébano	Madeira escura e nobre
eca	eca	Expressão de nojo
eco	eco	Repetição do som
ecoa	ecoa	Reverbera, repercute
ecoam	ecoam	Os gritos ___ na caverna
ecoar	ecoar	Repercutir, ressoar
ecos	ecos	Repetições do som
edema	edema	Inchaço por acúmulo de líquido
eden	éden	Paraíso bíblico
edite	edite	___ o texto antes de publicar
educa	educa	Ensina, forma
ego	ego	O eu, na psicanálise
egos	egos	Vaidades inflamadas
egua	égua	Fêmea do cavalo
eguas	éguas	Fêmeas do cavalo
eis	eis	___ a questão
eita	eita	Nossa!, na fala informal
eixo	eixo	Barra central da roda
eixos	eixos	Hastes das rodas
ela	ela	Pronome pessoal feminino
elas	elas	Pronome pessoal feminino plural
ele	ele	Pronome pessoal masculino
eles	eles	Pronome pessoal masculino plural
eleva	eleva	Ergue, suspende
eleve	eleve	Não ___ a voz comigo
elfo	elfo	Ser mágico de orelhas pontudas
elfos	elfos	Seres mágicos de orelhas pontudas
elite	elite	A nata da sociedade
elmo	elmo	Capacete de armadura
elmos	elmos	Capacetes medievais
elo	elo	Anel de corrente
elos	elos	Anéis de uma corrente
ema	ema	Ave grande do cerrado
emana	emana	Exala, irradia
emir	emir	Chefe árabe
emita	emita	Peça que a loja ___ a nota fiscal
emite	emite	O banco ___ o boleto
emiti	emiti	Ontem eu ___ a nota fiscal
encha	encha	___ o copo, por favor
enche	enche	Ele ___ o copo
enchi	enchi	Ontem eu ___ o tanque do carro
encho	encho	Eu sempre ___ o copo até a boca
enfim	enfim	Finalmente
enfio	enfio	Eu ___ a linha na agulha
enjoa	enjoa	Dá náusea
enjoo	enjoo	Mal-estar de viagem de barco
enoja	enoja	Causa repulsa
entao	então	Nesse caso; naquele tempo
ente	ente	Ser, criatura
entes	entes	Seres; ___ queridos
entra	entra	___, a porta está aberta!
entre	entre	No meio de
entro	entro	Eu ___ pela porta dos fundos
envia	envia	Manda
envie	envie	___ a mensagem agora
envio	envio	Remessa
epa	epa	Interjeição de espanto
epica	épica	Heroica, grandiosa
epico	épico	Grandioso, heroico
epoca	época	Temporada; período
era	era	Período histórico
eram	eram	Eles ___ amigos de infância
eras	eras	Épocas
ereta	ereta	Em pé, aprumada
erga	erga	___ a mão para votar
ergam	ergam	___ as mãos para o alto
ergo	ergo	Eu ___ a taça num brinde
ergue	ergue	Levanta, eleva
ergui	ergui	Eu ___ o copo para brindar
erra	erra	Comete um engano
erram	erram	Eles ___ o alvo
errar	errar	Cometer engano
erre	erre	Nome da letra R
errei	errei	Eu ___ a conta
erro	erro	Engano, falha
erros	erros	Enganos, falhas
errou	errou	Ele ___ o pênalti
erva	erva	Planta do chimarrão
ervas	ervas	Plantas para chá
esmo	esmo	A ___ (ao acaso)
espia	espia	Ele ___ os vizinhos pela cortina
espie	espie	Não ___ pelo buraco da fechadura
espio	espio	Eu ___ pela fechadura
esqui	esqui	Esporte na neve
essa	essa	___ bolsa aí é sua?
essas	essas	___ coisas aí são suas?
esse	esse	Demonstrativo (perto de quem ouve)
esses	esses	___ livros aí são seus?
esta	está	Ele ___ em casa agora
estao	estão	Eles ___ cansados hoje
estar	estar	Encontrar-se em certo estado
estas	estas	___ flores aqui são suas
este	este	Demonstrativo (perto de quem fala)
estes	estes	___ livros aqui são meus
estou	estou	Eu ___ com fome agora
esvai	esvai	Some aos poucos, se dissipa
etapa	etapa	Fase, estágio
eter	éter	Anestésico volátil
etica	ética	Conduta moral
etico	ético	Que segue a moral
etnia	etnia	Grupo com cultura e origem comuns
euro	euro	Moeda de Portugal e da França
euros	euros	Moedas da União Europeia
evita	evita	Ele ___ doces na dieta
evite	evite	___ frituras
evito	evito	Eu ___ doces
evoca	evoca	Traz à memória
exala	exala	Solta cheiro
exame	exame	Prova, avaliação
exata	exata	Precisa, correta
exato	exato	Preciso, correto
exiba	exiba	Que o cinema ___ o filme
exibe	exibe	Mostra
exige	exige	Reivindica, requer
exigi	exigi	Eu ___ o troco e recebi
exija	exija	___ seus direitos!
exijo	exijo	Eu ___ respeito
exito	êxito	Sucesso
exodo	êxodo	Saída em massa de um povo
expoe	expõe	Mostra ao público
expor	expor	Mostrar ao público
expos	expôs	O artista ___ os quadros
expus	expus	Eu ___ minhas ideias
extra	extra	Adicional, suplementar
faca	faça	___ o dever de casa!
facam	façam	___ silêncio, por favor!
facao	facão	Lâmina grande para o mato
facas	facas	Talheres de corte
face	face	Rosto
faces	faces	Rostos
facho	facho	Feixe de luz
facil	fácil	Simples, sem complicação
faco	faço	Eu ___ o jantar hoje
fada	fada	Ser mágico de varinha
fadas	fadas	Seres mágicos com varinha
fado	fado	Canção típica portuguesa
faixa	faixa	___ de pedestres
fala	fala	Voz, discurso
falam	falam	Eles ___ muito alto
falar	falar	Conversar
falas	falas	Diálogos do roteiro
fale	fale	___ mais alto, por favor
falei	falei	Eu ___ com ela ontem
falem	falem	Quero que ___ mais baixo
falha	falha	Defeito, erro
falhe	falhe	Tomara que o plano não ___
falho	falho	Imperfeito, com defeitos
falir	falir	Quebrar, ir à bancarrota
faliu	faliu	A empresa ___ e fechou
falo	falo	Eu ___ português
falou	falou	Ele ___ demais ontem
falsa	falsa	Não verdadeira
falso	falso	Mentiroso, não verdadeiro
falta	falta	Ausência, carência
falte	falte	Não ___ à aula!
falto	falto	Eu nunca ___ à aula
fama	fama	Celebridade, renome
fara	fará	Amanhã ___ muito calor
farao	faraó	Rei do antigo Egito
farda	farda	Uniforme militar
fardo	fardo	Peso, carga
farei	farei	Amanhã eu ___ o bolo
faria	faria	Eu ___ tudo por você
faro	faro	Olfato do cão
farol	farol	Torre que guia navios
farpa	farpa	Lasca de madeira na pele
farra	farra	Festa animada, bagunça
farsa	farsa	Encenação para enganar
farta	farta	Mesa ___ (cheia de comida)
farto	farto	Cansado, cheio
fas	fãs	Admiradores de um artista
fase	fase	Etapa, estágio
fases	fases	Etapas de um processo
fatal	fatal	Mortal, funesto
fatia	fatia	Pedaço fino de pão
fato	fato	Acontecimento verídico
fator	fator	Causa, elemento determinante
fatos	fatos	Acontecimentos reais
fauna	fauna	Conjunto dos animais de uma região
favo	favo	___ de mel
favor	favor	Obséquio, gentileza
faz	faz	Ele ___ bolo aos domingos
fazem	fazem	Eles ___ tudo juntos
fazer	fazer	Realizar, produzir
fazia	fazia	Eu ___ isso quando criança
febre	febre	Temperatura corporal alta
fecha	fecha	A loja ___ às dez
feche	feche	___ a porta, por favor
fecho	fecho	Zíper da jaqueta
fede	fede	Cheira mal
fedem	fedem	Cheiram mal
feder	feder	Cheirar mal
fedia	fedia	O lixo ___ muito
fedor	fedor	Mau cheiro
feia	feia	Nada bonita
feias	feias	Nada bonitas
feio	feio	Sem beleza
feios	feios	Nada bonitos
feira	feira	Mercado de rua
feita	feita	Pronta, concluída
feito	feito	Pronto, concluído
feixe	feixe	___ de luz
fel	fel	Bílis; amargura
feliz	feliz	Contente, alegre
femea	fêmea	O oposto de macho
femur	fêmur	Osso da coxa
fenda	fenda	Rachadura
fenix	fênix	Ave que renasce das cinzas
feno	feno	Capim seco para o gado
fera	fera	Animal selvagem
feras	feras	Animais selvagens
fere	fere	A crítica ___ o orgulho
ferem	ferem	Machucam, magoam
feri	feri	Ontem eu ___ seus sentimentos
ferir	ferir	Machucar
feriu	feriu	Machucou
feroz	feroz	Selvagem, bravio
ferro	ferro	Metal usado no aço
ferva	ferva	Deixe a água ___ antes
ferve	ferve	A água ___ a cem graus
festa	festa	Comemoração
fetal	fetal	Posição ___ (encolhida)
feto	feto	Bebê ainda no útero
fetos	fetos	Bebês ainda no ventre
feudo	feudo	Terra do senhor medieval
fez	fez	Ele ___ o jantar ontem
fiada	fiada	Conversa ___ (papo furado)
fiado	fiado	Comprado para pagar depois
fiapo	fiapo	Fio solto de tecido
fibra	fibra	Filamento; força de caráter
fica	fica	Ele ___ em casa hoje
ficam	ficam	Eles ___ em casa hoje
ficar	ficar	Permanecer
ficha	ficha	Caiu a ___ (entendeu)
fico	fico	Eu ___ em casa hoje
ficou	ficou	Ele ___ em casa ontem
fieis	fiéis	Leais
fiel	fiel	Leal
figa	figa	Amuleto em forma de mão fechada
figo	figo	Fruta de polpa rosada e sementinhas
figos	figos	Frutas roxas cheias de sementinhas
fila	fila	Sequência de pessoas esperando
filao	filão	Veio de minério; fonte lucrativa
filas	filas	Esperas em ordem no banco
file	filé	Corte nobre de carne
files	filés	Bifes macios
filha	filha	Descendente do sexo feminino
filho	filho	Descendente direto
filma	filma	Ele ___ o casamento
filme	filme	Obra de cinema
filmo	filmo	Eu ___ tudo com o celular
fim	fim	Término
fina	fina	Delgada
final	final	Último; decisão de campeonato
finas	finas	Delgadas
finge	finge	Ele ___ que não ouviu
fingi	fingi	Eu ___ que não vi
finja	finja	___ que não viu nada
finjo	finjo	Eu ___ que não vi nada
fino	fino	Delgado, estreito
finos	finos	Delgados
fins	fins	Os ___ justificam os meios
fio	fio	Linha de costura
fios	fios	Cabos elétricos
fique	fique	___ à vontade!
firma	firma	Empresa
firme	firme	Estável, seguro
fisco	fisco	Órgão que cobra impostos
fita	fita	Tira de tecido para laço
fitas	fitas	Tiras para enfeitar presentes
fixa	fixa	Ideia ___ (obsessão)
fixar	fixar	Prender firmemente
fixas	fixas	Presas, imóveis
fixe	fixe	___ o quadro na parede
fixei	fixei	Eu ___ o quadro na parede
fixo	fixo	Que não se move
fixos	fixos	Presos, estáveis
fixou	fixou	Ele ___ o quadro na parede
fiz	fiz	Eu ___ o bolo sozinho
fizer	fizer	Se ___ sol, vamos à praia
floco	floco	___ de neve
flor	flor	Rosa ou margarida
flora	flora	Vegetação de uma região
flua	flua	Que o trânsito ___ bem
fluem	fluem	Correm como rios
flui	flui	O rio ___ para o mar
fluir	fluir	Correr como líquido
fluiu	fluiu	A conversa ___ bem
fluor	flúor	Elemento da pasta de dente
fluxo	fluxo	Corrente, escoamento contínuo
fobia	fobia	Medo exagerado
foca	foca	Mamífero marinho que bate palmas
focal	focal	Ponto ___ (centro de atenção)
focar	focar	Concentrar a atenção em
focas	focas	Mamíferos marinhos de circo
foco	foco	Concentração
focos	focos	Centros de atenção
focou	focou	Ela ___ nos estudos
fofa	fofa	Bonitinha, graciosa
fofas	fofas	Macias, ou graciosas
fofo	fofo	Macio; bonitinho
fofos	fofos	Macios e gostosos de apertar
fogao	fogão	Aparelho de cozinha com bocas
foge	foge	O ladrão ___ da polícia
fogem	fogem	Os ratos ___ do gato
fogo	fogo	Chama, labareda
fogos	fogos	___ de artifício
foi	foi	Ela ___ ao mercado ontem
foice	foice	Ferramenta curva de ceifar
fole	fole	Aparelho que sopra ar no fogo
foles	foles	Sopradores de lareira, de couro
folga	folga	Dia de descanso
folha	folha	Parte verde da árvore
folia	folia	Farra de Carnaval
fome	fome	Vontade de comer
fomos	fomos	Nós ___ ao cinema
fone	fone	___ de ouvido
fones	fones	Meus ___ de ouvido quebraram
fonte	fonte	Nascente de água
foque	foque	___ no objetivo!
for	for	Quando eu ___ grande, serei médico
fora	fora	Contrário de dentro
foram	foram	Eles ___ ao cinema ontem
foras	foras	Recusas amorosas, na gíria
forca	força	Vigor físico
force	force	Não ___ a fechadura
forco	forço	Eu ___ a porta emperrada
forem	forem	Se vocês ___ à festa
forja	forja	Oficina de ferreiro
forma	forma	Aparência, contorno
forme	forme	___ uma fila, por favor
formo	formo	Eu me ___ em dezembro
forno	forno	Onde se assa o bolo
foro	foro	Por ___ íntimo
forro	forro	Revestimento do teto
forte	forte	Robusto, vigoroso
forum	fórum	Prédio da Justiça
fosco	fosco	Sem brilho
fossa	fossa	Tristeza de dor de cotovelo
fosse	fosse	Se eu ___ você, não iria
fosso	fosso	Vala ao redor do castelo
foto	foto	Retrato
foton	fóton	Partícula de luz
fotos	fotos	Retratos, imagens
foz	foz	Onde o rio deságua
fraca	fraca	Ela ficou ___ depois da gripe
fraco	fraco	Sem força
frade	frade	Religioso de convento
frase	frase	Oração com sentido completo
frear	frear	Diminuir a velocidade
frei	frei	Tratamento de frade
freia	freia	O motorista ___ no sinal
freie	freie	___ antes da curva
freio	freio	Dispositivo que para o carro
frete	frete	Custo de entrega
fria	fria	Gelada
frias	frias	Geladas
frio	frio	Baixa temperatura
frios	frios	Presunto e queijo fatiados
frita	frita	Batata ___
frite	frite	___ o ovo na manteiga
frito	frito	Ovo ___
frota	frota	Conjunto de navios ou veículos
fruta	fruta	Maçã ou banana
fruto	fruto	Produto da planta com sementes
fuca	fuça	Bisbilhota, mexe em tudo
fucar	fuçar	Bisbilhotar, xeretar
fuga	fuga	Escapada da prisão
fugas	fugas	Escapadas
fugaz	fugaz	Passageiro, efêmero
fugi	fugi	Eu ___ de casa
fugia	fugia	O gato sempre ___ de casa
fugir	fugir	Escapar
fugiu	fugiu	O gato ___ de casa
fui	fui	Eu ___ ao médico ontem
fuja	fuja	Não ___ da responsabilidade!
fujam	fujam	___ para as colinas!
fujao	fujão	Que escapa com frequência
fujo	fujo	Eu ___ da chuva
fula	fula	Ficou ___ da vida
fulo	fulo	Furioso, irado
fuma	fuma	Ele ___ charuto
fumam	fumam	Eles ___ na varanda
fumar	fumar	Tragar cigarro
fume	fume	Não ___ aqui dentro
fumei	fumei	Eu já ___, mas parei
fumem	fumem	Pessoal, não ___ aqui dentro
fumo	fumo	Tabaco
fumou	fumou	Ele ___ por dez anos
funda	funda	Parte ___ da piscina
funde	funde	Derrete o metal
fundo	fundo	Parte de baixo de um poço
funga	funga	Puxa o ar pelo nariz, com ruído
fungo	fungo	Mofo, cogumelo
funil	funil	Cone para transvasar líquidos
fura	fura	O prego ___ o pneu
furao	furão	Mamífero caçador parente da doninha
furar	furar	Fazer buraco em
fure	fure	Não ___ a fila!
furei	furei	Eu ___ o pneu na estrada
furia	fúria	Raiva descontrolada
furo	furo	Buraco pequeno
furor	furor	Fazer ___: causar sensação
furos	furos	Buracos
furou	furou	O pneu ___
furto	furto	Roubo sem violência
fusao	fusão	União de duas empresas
fusco	fusco	Lusco-___ (crepúsculo)
fuso	fuso	___ horário
futil	fútil	Sem importância, frívolo
gaba	gaba	Ele se ___ de tudo
gabar	gabar	Elogiar, exaltar
gabou	gabou	Elogiou muito
gado	gado	Rebanho de bois
gafe	gafe	Mancada social
gaga	gagá	Caduco, senil
gago	gago	Quem repete sílabas ao falar
gaita	gaita	Harmônica
gala	gala	Festa de ___
galao	galão	Garrafão de água
gales	galês	Língua celta britânica
galgo	galgo	Cão de corrida esguio
galho	galho	Ramo de árvore
galo	galo	Ave que canta ao amanhecer
galos	galos	Cantam ao amanhecer
gama	gama	Ampla ___ de produtos
gamao	gamão	Jogo de tabuleiro com dados
gamba	gambá	Marsupial malcheiroso
gana	gana	Vontade forte, ânsia
ganha	ganha	Ele ___ bem no emprego novo
ganhe	ganhe	Que o melhor ___!
ganho	ganho	Lucro, proveito
ganso	ganso	Ave aquática de pescoço longo
garbo	garbo	Elegância, porte
garca	garça	Ave branca de pernas longas
garfo	garfo	Talher de dentes
gari	gari	Varredor de rua
garoa	garoa	Chuva fina
garra	garra	Unha de felino; determinação
gas	gás	Combustível do botijão
gases	gases	Oxigênio e hélio, por exemplo
gasta	gasta	Ela ___ todo o salário
gaste	gaste	Não ___ todo o salário
gasto	gasto	Despesa
gata	gata	Felina doméstica
gatas	gatas	Felinas domésticas
gato	gato	Felino doméstico
gatos	gatos	Felinos domésticos
gaze	gaze	Tecido de curativo
gazes	gazes	Tecidos de curativo
geada	geada	Orvalho congelado
gel	gel	Produto para fixar o cabelo
gela	gela	A cerveja ___ no freezer
gelar	gelar	Ficar bem frio
gelo	gelo	Água em estado sólido
gema	gema	Parte amarela do ovo
gemas	gemas	Pedras preciosas
geme	geme	Queixa-se de dor em voz baixa
gemea	gêmea	Irmã do mesmo parto
gemeo	gêmeo	Irmão nascido no mesmo parto
gemer	gemer	Soltar ais de dor
gemeu	gemeu	Ele ___ de cansaço
gene	gene	Unidade da hereditariedade
genes	genes	Unidades da hereditariedade
genio	gênio	Pessoa de inteligência extraordinária
genro	genro	Marido da filha
gente	gente	Pessoas
gera	gera	Produz, origina
geral	geral	Comum a todos, universal
geram	geram	Produzem
gerar	gerar	Produzir, criar
gere	gere	Administra (uma empresa)
geri	geri	Eu ___ a empresa por anos
gerir	gerir	Administrar
germe	germe	Micróbio
gero	gero	Eu ___ energia solar
gerou	gerou	A empresa ___ empregos
gesso	gesso	Material que imobiliza braço quebrado
gesto	gesto	Movimento das mãos ao falar
gibi	gibi	Revista em quadrinhos
gibis	gibis	Revistas em quadrinhos
gim	gim	Bebida destilada com zimbro
ginga	ginga	Balanço da capoeira
gira	gira	Roda
giram	giram	Rodam
girar	girar	Rodar em torno de si
gire	gire	___ a chave duas vezes
girem	girem	Querem que as hélices ___ mais
giria	gíria	Linguagem informal de grupo
giro	giro	Volta, rotação
giros	giros	Voltas, rodadas
girou	girou	A roda ___ sem parar
giz	giz	Bastão de escrever na lousa
glace	glacê	Cobertura doce de bolo
globo	globo	Esfera terrestre
gnomo	gnomo	Anão de jardim
gnu	gnu	Antílope africano
gnus	gnus	Antílopes da savana africana
goela	goela	Garganta
gol	gol	Ponto no futebol
gola	gola	Colarinho da camisa
gole	gole	Porção bebida de uma vez
goles	goles	Tragos, sorvos
golfe	golfe	Esporte de tacos e buracos
golfo	golfo	Reentrância do mar na costa
golpe	golpe	Pancada; trapaça
gols	gols	Tentos do futebol
goma	goma	___ de mascar
gomas	gomas	Balas de mastigar
gongo	gongo	Salvo pelo ___
gorro	gorro	Touca de lã
gosma	gosma	Meleca viscosa
gosta	gosta	Ela ___ de chocolate
goste	goste	Espero que você ___ do presente
gosto	gosto	Sabor; paladar
gota	gota	Pingo
gotas	gotas	Pingos de chuva
gra	grã	___-fino (bacana)
graal	graal	Santo ___
graca	graça	Charme; de ___ (gratuito)
grade	grade	Armação de barras de ferro
grado	grado	De bom ___ (com prazer)
grama	grama	Relva do jardim
grana	grana	Dinheiro, na gíria
grao	grão	Semente de cereal
graos	grãos	Sementes de cereais
grata	grata	Reconhecida, obrigada
grato	grato	Agradecido
grau	grau	Unidade de temperatura
graus	graus	Unidades do termômetro
grava	grava	Ela ___ um novo disco
grave	grave	Sério; som baixo
gravo	gravo	Eu ___ um vídeo
graxa	graxa	Lubrificante preto
grega	grega	Nascida em Atenas
grego	grego	Natural de Atenas
greve	greve	Paralisação de trabalhadores
grife	grife	Marca de moda de prestígio
grifo	grifo	Ser mítico, meio águia, meio leão
grilo	grilo	Inseto que canta à noite
gripe	gripe	Resfriado forte
grita	grita	Berra
grite	grite	Não ___ comigo!
grito	grito	Berro
grua	grua	Guindaste de obra
gruda	gruda	Cola, adere
grude	grude	Cola caseira de farinha
grupo	grupo	Conjunto de pessoas
gruta	gruta	Caverna
gude	gude	Bolinha de ___
gueto	gueto	Bairro segregado
guia	guia	Cicerone de turistas
guiam	guiam	Eles ___ os turistas pela cidade
guiar	guiar	Conduzir, orientar
guias	guias	Cicerones de turistas
guie	guie	Que Deus te ___
guiei	guiei	Eu ___ os turistas pela cidade
guiem	guiem	Que os pais ___ os filhos
guio	guio	Eu ___ o carro devagar
guiou	guiou	O pastor ___ o rebanho
gula	gula	Pecado capital da comilança
gumes	gumes	Faca de dois ___
guru	guru	Mestre espiritual
gurus	gurus	Mestres espirituais
habil	hábil	Jeitoso, competente
haja	haja	___ paciência!
halo	halo	Auréola
hao	hão	Eles ___ de vir
haras	haras	Fazenda de cavalos de raça
harem	harém	Aposentos das esposas do sultão
harpa	harpa	Instrumento de cordas dos anjos
haste	haste	Vara, mastro de bandeira
haver	haver	Existir (verbo impessoal)
havia	havia	Não ___ ninguém em casa ontem
helio	hélio	Gás que enche balões
hera	hera	Planta trepadeira de muros
herda	herda	Recebe por testamento
heroi	herói	Protagonista corajoso
hiato	hiato	Intervalo, lacuna
hidra	hidra	Monstro de várias cabeças
hiena	hiena	Carniceiro africano que parece rir
hifen	hífen	Tracinho entre palavras
hindi	hindi	Idioma oficial da Índia
hindu	hindu	Praticante de religião indiana
hino	hino	Canto patriótico
hinos	hinos	Cantos patrióticos
hoje	hoje	Neste dia
homem	homem	Ser humano do sexo masculino
honra	honra	Dignidade, brio
honre	honre	___ sua palavra
honro	honro	Eu ___ minha palavra
hora	hora	Sessenta minutos
horas	horas	O dia tem 24 ___
horda	horda	Bando, multidão desordenada
horta	horta	Canteiro de verduras
hotel	hotel	Hospedagem paga
houve	houve	___ uma festa ontem
humor	humor	Estado de espírito
humus	húmus	Adubo de matéria orgânica
huno	huno	Guerreiro do povo de Átila
hunos	hunos	Povo bárbaro de Átila
hurra	hurra	Grito de vitória
iam	iam	Eles ___ à escola a pé
iamos	íamos	Nós ___ à praia todo verão
iaque	iaque	Boi peludo do Tibete
iate	iate	Barco de luxo
iates	iates	Barcos de luxo
icar	içar	Erguer com corda
icone	ícone	Símbolo na tela do celular
ida	ida	Viagem de ___ e volta
idade	idade	Anos de vida
idas	idas	___ e vindas
ideal	ideal	Perfeito, modelo
ideia	ideia	Pensamento, noção
idem	idem	O mesmo, igualmente
ido	ido	Ele já tinha ___ embora
idolo	ídolo	Astro admirado pelos fãs
idos	idos	Nos ___ de 1970
idosa	idosa	Senhora de cabelos brancos
idoso	idoso	Pessoa de idade avançada
iene	iene	Moeda do Japão
ienes	ienes	Moedas do Japão
iglu	iglu	Casa de gelo dos esquimós
igual	igual	Idêntico
ilesa	ilesa	Ela saiu ___ do acidente
ileso	ileso	Sem ferimentos
ilha	ilha	Terra cercada de água
ilhas	ilhas	Terras cercadas de água
iluda	iluda	Não se ___ com promessas
ilude	ilude	Engana
ima	ímã	Atrai o ferro
imas	ímãs	Atraem o ferro
imita	imita	Copia os gestos de alguém
imite	imite	Não me ___, seja você mesmo
imito	imito	Eu ___ a voz do meu pai
impar	ímpar	Número como 1, 3 ou 5
impio	ímpio	Sem fé, herege
impoe	impõe	Ele ___ respeito
impor	impor	Obrigar a aceitar
impos	impôs	Ele ___ sua vontade a todos
imune	imune	Protegido contra doença
inala	inala	Aspira pelo nariz
inale	inale	___ o vapor pelo nariz
inata	inata	De nascença, como um talento
inato	inato	Congênito, de nascença
inca	inca	Povo do antigo império peruano
incha	incha	O pé ___ no calor
indo	indo	Estou ___ embora agora
induz	induz	Leva a, provoca
inves	invés	Ao ___ de: ao contrário de
iodo	iodo	Elemento químico do sal
ioga	ioga	Prática indiana de meditação
ioio	ioiô	Brinquedo que sobe e desce no fio
ion	íon	Átomo com carga elétrica
ions	íons	Átomos com carga elétrica
ira	ira	Raiva, cólera
irada	irada	Furiosa
irado	irado	Furioso
irao	irão	Eles ___ à praia amanhã
irei	irei	Amanhã eu ___ à praia
irem	irem	Antes de eles ___ embora
iria	iria	Eu ___, se pudesse
iriam	iriam	Eles ___ se soubessem
iris	íris	Parte colorida do olho
irma	irmã	Filha dos mesmos pais
irmao	irmão	Filho dos mesmos pais
irmas	irmãs	Filhas dos mesmos pais
irmos	irmos	Antes de ___ embora
isca	isca	Atrai o peixe ao anzol
iscas	iscas	Chamarizes para peixes
isola	isola	Separa, aparta
isole	isole	___ o fio desencapado
isso	isso	Essa coisa (demonstrativo neutro)
isto	isto	Esta coisa (demonstrativo neutro)
item	item	Cada elemento de uma lista
itens	itens	Elementos de uma lista
jade	jade	Pedra verde ornamental
janta	janta	Refeição da noite, informalmente
janto	janto	Eu ___ cedo todas as noites
jarda	jarda	Medida inglesa de comprimento
jarra	jarra	Recipiente de suco
jarro	jarro	Vaso para água ou suco
jato	jato	Avião a reação
jatos	jatos	Aviões a reação
jaula	jaula	Gaiola de feras
jeito	jeito	Maneira, modo
jejum	jejum	Ficar sem comer
jipe	jipe	Carro para terrenos difíceis
jipes	jipes	Veículos para trilhas
joga	joga	Ele ___ futebol
jogam	jogam	Eles ___ futebol
jogar	jogar	Brincar; arremessar
jogo	jogo	Partida, disputa
jogos	jogos	Partidas
jogou	jogou	Ele ___ bola ontem
jogue	jogue	___ a bola para mim!
joia	joia	Anel ou colar precioso
joias	joias	Anéis e colares
joio	joio	Separar o ___ do trigo
jorra	jorra	Sai em jato, como água
jota	jota	Nome da letra J
jovem	jovem	Moço, novo
juba	juba	Crina do leão
judeu	judeu	Fiel da sinagoga
judo	judô	Arte marcial japonesa de faixas
jugo	jugo	Opressão, domínio
juiz	juiz	Árbitro; magistrado
juiza	juíza	Magistrada
juizo	juízo	Bom senso, sensatez
julga	julga	Avalia, sentencia
julgo	julgo	Eu não ___ ninguém
julho	julho	Sétimo mês do ano
junco	junco	Planta de brejo usada em cestos
junho	junho	Sexto mês do ano
junta	junta	Articulação óssea
junte	junte	___ as mãos para rezar
junto	junto	Unido, próximo
jura	jura	Promete solenemente
juram	juram	Eles ___ dizer a verdade
jurar	jurar	Prometer solenemente
juras	juras	Promessas de amor
jure	jure	___ que é verdade!
jurei	jurei	Eu ___ que não contaria
juri	júri	Tribunal popular
juris	júris	Grupos que julgam réus
juro	juro	Rendimento de empréstimo
juros	juros	Rendimento do dinheiro emprestado
jurou	jurou	Ele ___ dizer a verdade
jus	jus	Fazer ___ (merecer)
justa	justa	Imparcial, correta
justo	justo	Imparcial, correto
labia	lábia	Conversa de quem sabe convencer
labio	lábio	Parte da boca
lacar	laçar	Prender o boi com a corda
laco	laço	Nó decorativo de fita
lacos	laços	Nós de fita
lacre	lacre	Selo de embalagem
lado	lado	Flanco; face
lados	lados	O quadrado tem quatro
ladra	ladra	Mulher que rouba
lago	lago	Porção de água cercada de terra
lagoa	lagoa	Água parada cercada de terra
lagos	lagos	Grandes massas de água doce
laia	laia	Gente da mesma ___
laje	laje	Teto de concreto
lama	lama	Barro molhado
lamas	lamas	Lodos, barros
lambe	lambe	O gato se ___
lambi	lambi	Eu ___ a colher de brigadeiro
lambo	lambo	Eu ___ os dedos depois do doce
lanca	lança	Ele ___ um disco novo
lance	lance	Oferta em leilão
lanco	lanço	Eu ___ um livro novo em maio
lapis	lápis	Objeto para escrever com grafite
lapso	lapso	Esquecimento, deslize
laque	laquê	Fixador de penteado
lar	lar	Moradia da família
lares	lares	Casas; moradias
larga	larga	Ampla, espaçosa
largo	largo	Amplo
larva	larva	Fase inicial do inseto
lasca	lasca	Pedaço fino de madeira
lata	lata	Embalagem de refrigerante
latao	latão	Liga de cobre e zinco
latas	latas	Embalagens de refrigerante
late	late	O cão ___
latem	latem	Os cães ___ à noite
latex	látex	Material de luvas cirúrgicas
latim	latim	Língua dos antigos romanos
latir	latir	Ladrar, como o cão
latiu	latiu	O cachorro ___ a noite toda
lauda	lauda	Folha de texto, na redação
laudo	laudo	Parecer técnico de perito
lava	lava	Rocha derretida de vulcão
lavam	lavam	Eles ___ a louça
lavar	lavar	Limpar com água
lave	lave	___ as mãos antes de comer
lavei	lavei	Eu ___ o carro
lavem	lavem	Peça que eles ___ a louça
lavo	lavo	Eu ___ a louça
lavou	lavou	Ela ___ a louça
lazer	lazer	Tempo livre de diversão
leais	leais	Fiéis
leal	leal	Fiel
leao	leão	Rei da selva
lebre	lebre	Parente do coelho
leem	leem	Eles ___ jornal
legal	legal	Conforme a lei; bacana
lei	lei	Norma jurídica
leia	leia	___ o livro até o fim
leiam	leiam	Que eles ___ o contrato
leigo	leigo	Sem conhecimento técnico
leio	leio	Eu ___ um livro por mês
leis	leis	Normas aprovadas pelo Congresso
leite	leite	Bebida branca da vaca
leito	leito	Cama de hospital
lema	lema	Divisa; mote
leme	leme	Peça que dá direção ao barco
lemos	lemos	Nós ___ o jornal cedo
lenco	lenço	Pano para assoar o nariz
lenda	lenda	Mito popular
lendo	lendo	Estou ___ um livro
lenha	lenha	Madeira para a fogueira
lenta	lenta	Vagarosa
lente	lente	Vidro dos óculos
lento	lento	Vagaroso
leoa	leoa	Fêmea do rei da selva
leoas	leoas	Felinas da savana que caçam em grupo
leoes	leões	Reis da selva
leque	leque	Abano de mão dobrável
ler	ler	Percorrer um texto
lera	lerá	Ele ___ o livro amanhã
leram	leram	Eles ___ o livro todo
lerao	lerão	Amanhã eles ___ o livro
lerda	lerda	Lenta, vagarosa
lerdo	lerdo	Lento, vagaroso
lerei	lerei	Eu ___ o livro amanhã
lerem	lerem	Pedi a eles para ___ o texto
leria	leria	Eu ___ mais se tivesse tempo
lesao	lesão	Ferimento, contusão
lesma	lesma	Molusco lento
lesse	lesse	Se ele ___ o manual, saberia
leste	leste	Onde o sol nasce
letal	letal	Mortal
letra	letra	A, B ou C
leu	leu	Ela ___ o livro inteiro
leva	leva	Ela ___ o cão ao parque
levam	levam	Eles ___ a comida para a festa
levar	levar	Carregar, transportar
levas	levas	Grupos que chegam juntos
leve	leve	De pouco peso
levei	levei	Eu ___ o cão ao parque
levem	levem	___ guarda-chuva, vai chover
leves	leves	Pouco pesados
levo	levo	Eu ___ o bolo para a festa
levou	levou	Ele ___ o cão ao parque
lhama	lhama	Animal andino parente do camelo
lhe	lhe	Pronome oblíquo: a ele ou a você
lhes	lhes	Pronome oblíquo: a eles
lia	lia	Ele ___ o jornal todo dia
liam	liam	Eles ___ jornal todo dia
liana	liana	Cipó
libra	libra	Moeda britânica
licao	lição	Ensinamento; tarefa escolar
liceu	liceu	Antiga escola secundária
licor	licor	Bebida doce e alcoólica
lida	lida	Labuta diária
lidam	lidam	Eles ___ bem com a pressão
lidar	lidar	Tratar (com algo difícil)
lidas	lidas	Notícias ___ no jornal de hoje
lide	lide	Trabalho árduo, labuta
lidei	lidei	Eu ___ bem com o problema
lidem	lidem	Que eles ___ com o problema
lider	líder	Chefe, comandante
lido	lido	Livro ___ de uma só vez
lidos	lidos	Textos já ___ pela turma
lidou	lidou	Ele ___ bem com a pressão
liga	liga	Associação de clubes esportivos
ligam	ligam	Eles ___ a TV à noite
ligar	ligar	Telefonar; conectar
ligas	ligas	Campeonatos esportivos
ligo	ligo	Eu te ___ amanhã, ok?
ligou	ligou	Ela ___ para a mãe
ligue	ligue	___ para mim amanhã
lilas	lilás	Cor arroxeada clara
lima	lima	Lixa de metal; fruta cítrica
limao	limão	Fruta cítrica e azeda
limbo	limbo	Estado de esquecimento
limo	limo	Lodo verde das pedras
limpa	limpa	Ela ___ a casa
limpe	limpe	___ o quarto, menino!
limpo	limpo	Sem sujeira
lince	lince	Felino de orelhas pontudas
linda	linda	Muito bonita
lindo	lindo	Muito bonito
linha	linha	Fio de costura
linho	linho	Tecido fresco de verão
lira	lira	Instrumento de cordas grego
lirio	lírio	Flor branca, símbolo de pureza
lis	lis	Flor-de-___ (símbolo heráldico)
lisa	lisa	Macia e sem ondulações
lisas	lisas	Sem asperezas, como peles macias
liso	liso	Sem rugas ou ondas
lisos	lisos	Cabelos ___, sem cachos
lista	lista	Relação de itens
liste	liste	___ os itens da compra
litio	lítio	Metal das baterias de celular
litro	litro	Unidade de volume
livra	livra	Deus me ___!
livre	livre	Solto, independente
livro	livro	Obra para ler
lixa	lixa	Papel áspero de marceneiro
lixao	lixão	Depósito de entulho a céu aberto
lixar	lixar	Desbastar a madeira
lixe	lixe	___ a madeira antes de pintar
lixo	lixo	Resíduos jogados fora
lixos	lixos	Detritos, refugos
loba	loba	Fêmea que uiva para a lua
lobo	lobo	Animal que uiva para a lua
lobos	lobos	Uivam para a lua
local	local	Lugar, sítio
locao	loção	Líquido para a pele
lodo	lodo	Lama do fundo do rio
logo	logo	Em breve; em seguida
logos	logos	Símbolos de empresas
loira	loira	De cabelo dourado
loiro	loiro	Que tem cabelos dourados
loja	loja	Estabelecimento comercial
lojas	lojas	Estabelecimentos do shopping
lombo	lombo	Carne das costas do porco
lona	lona	Tecido grosso de circo
lonas	lonas	Tecidos de circo e barraca
longa	longa	Extensa, comprida
longe	longe	A grande distância
longo	longo	Comprido, extenso
lorde	lorde	Nobre britânico
lota	lota	Enche por completo
lotar	lotar	Encher até não caber mais
lote	lote	Terreno para construir
lotes	lotes	Terrenos à venda
lotus	lótus	Flor sagrada do budismo
louca	louça	Pratos e xícaras
louco	louco	Maluco, doido
loura	loura	Mulher de cabelo dourado
louro	louro	Folha que tempera o feijão
lousa	lousa	Quadro-negro
louve	louve	Espero que ela ___ o nosso esforço
lua	lua	Satélite natural da Terra
luar	luar	Brilho prateado da noite
luas	luas	Satélites de planetas
luau	luau	Festa na praia à noite
lucra	lucra	Tem ganho financeiro
lucro	lucro	Ganho financeiro
ludo	ludo	Jogo de tabuleiro com peões de quatro cores
lugar	lugar	Local, sítio
lulas	lulas	Moluscos de dez tentáculos
lume	lume	Vir a ___ (tornar-se público)
lunar	lunar	Relativo ao satélite da Terra
lupa	lupa	Lente de aumento
luta	luta	Esforço, batalha diária
lutam	lutam	Eles ___ judô na academia
lutar	lutar	Combater, batalhar
lutas	lutas	Combates no ringue
lute	lute	___ pelos seus sonhos!
lutei	lutei	Eu ___ muito pela vaga
lutem	lutem	Que eles ___ pelos direitos
luto	luto	Tristeza pela perda de alguém
lutou	lutou	Ele ___ pela vitória
luva	luva	Agasalho das mãos
luvas	luvas	Protegem as mãos no frio
luxo	luxo	Ostentação, riqueza
luxos	luxos	Extravagâncias caras
luz	luz	Claridade
luzes	luzes	Lâmpadas acesas
maca	maçã	Fruta vermelha ou verde
macas	maçãs	Frutas como a fuji e a gala
mache	machê	Papel ___ (massa de artesanato)
macho	macho	Animal do sexo masculino
macia	macia	Suave ao toque
macio	macio	Fofo ao toque
maco	maço	___ de cigarros
macom	maçom	Membro de sociedade secreta fraterna
macos	maços	Pacotes de cigarros
madre	madre	Freira superiora
mae	mãe	Genitora
maes	mães	Homenageadas em maio
mafia	máfia	Organização criminosa
maga	maga	Feiticeira dos contos de fadas
magia	magia	Feitiçaria
magma	magma	Rocha derretida do vulcão
magna	magna	Carta ___
magno	magno	Grande, importante
mago	mago	Feiticeiro
magoa	mágoa	Ressentimento, tristeza
magoe	magoe	Não ___ quem te ama
magos	magos	Feiticeiros de contos
magra	magra	Esbelta
magro	magro	Esbelto, franzino
maio	maio	Mês das noivas
maior	maior	Superior em tamanho
maios	maiôs	Roupas de banho inteiras
mais	mais	Contrário de menos
major	major	Posto militar
mal	mal	Contrário de bem
mala	mala	Bagagem
malas	malas	Bagagens
males	males	Mazelas, danos
malha	malha	Tecido tricotado
malho	malho	Eu ___ na academia
malte	malte	Cereal da cerveja
malva	malva	Planta de flor lilás
mama	mama	O bebê ___ no peito
mamae	mamãe	Como a criança chama a genitora
mamao	mamão	Fruta de polpa laranja, papaia
mamar	mamar	Sugar leite, como o bebê
mamba	mamba	Serpente africana venenosa
mambo	mambo	Dança cubana
mana	maná	Alimento caído do céu na Bíblia
manca	manca	Que puxa de uma perna
manda	manda	Quem ___ aqui sou eu
mande	mande	___ lembranças à família
mando	mando	Eu ___ uma carta
mane	mané	Bobo, tolo (gíria)
manes	manés	Bobos, trouxas
manga	manga	Fruta de polpa amarela e caroço grande
manha	manhã	Início do dia
mania	mania	Hábito exagerado
manja	manja	Ele ___ de futebol
mano	mano	Irmão, na gíria
mansa	mansa	Dócil, calma
manso	manso	Dócil, domesticado
manta	manta	Cobertor fino
manto	manto	Capa longa e solta
mao	mão	Parte do braço com cinco dedos
maos	mãos	Partes do corpo com dedos
mapa	mapa	Representação de um território
mapas	mapas	Cartas geográficas
mar	mar	Grande massa de água salgada
marca	marca	Sinal deixado na pele
marco	março	Terceiro mês do ano
mare	maré	Sobe e desce das águas do oceano
mares	mares	Oceanos
marra	marra	Na ___: à força
mas	mas	Porém, contudo
massa	massa	Macarrão, genericamente
mata	mata	___ Atlântica
matar	matar	___ a saudade
matas	matas	Florestas
mate	mate	Xeque-___
mato	mato	Vegetação rasteira
mau	mau	Contrário de bom
maus	maus	Ruins, malvados
mecha	mecha	Tufo de cabelo tingido
meco	meço	Eu ___ a sala com a trena
mede	mede	Afere o tamanho
medem	medem	Eles ___ a sala com trena
medi	medi	Eu ___ a febre do bebê
media	média	Nota mínima para passar
medio	médio	Nem grande nem pequeno
medir	medir	Usar a régua ou a trena
mediu	mediu	Ele ___ a altura do filho
medo	medo	Temor, pavor
medos	medos	Temores
meia	meia	Peça que se usa no pé
meias	meias	Vão dentro do sapato
meiga	meiga	Doce, carinhosa
meigo	meigo	Carinhoso, dócil
meio	meio	Metade; centro
meios	meios	Recursos, modos
mel	mel	Doce feito pelas abelhas
melao	melão	Fruta de casca amarela
meme	meme	Piada viral da internet
menor	menor	Inferior em tamanho
menos	menos	Contrário de mais
menta	menta	Hortelã
mente	mente	Intelecto, pensamento
menti	menti	Eu ___ para você
menus	menus	Cardápios
mera	mera	Uma ___ coincidência
meras	meras	___ coincidências
merce	mercê	À ___ do vento
mero	mero	Simples, puro
meros	meros	___ mortais
mes	mês	Período de cerca de 30 dias
mesa	mesa	Móvel para refeições
mesas	mesas	Móveis de jantar
meses	meses	O ano tem doze ___
mesma	mesma	Idêntica, igual
mesmo	mesmo	Idêntico; próprio
meta	meta	Objetivo
metal	metal	Ferro, cobre ou ouro
metas	metas	Objetivos
metro	metrô	Trem subterrâneo
meu	meu	Possessivo da 1ª pessoa
meus	meus	Os ___ pais moram longe
mexa	mexa	Não ___ nisso!
mexam	mexam	Não ___ nas minhas coisas
mexe	mexe	Ele ___ a panela
mexem	mexem	Eles ___ a massa do bolo
mexer	mexer	Tocar; agitar com a colher
mexeu	mexeu	Ele ___ o café
mexi	mexi	Eu ___ a sopa
mexia	mexia	Ela ___ a panela sem parar
mexo	mexo	Eu ___ o café
mia	mia	O gato ___
miau	miau	Som que o gato faz
mica	mica	Mineral que se separa em lâminas
mico	mico	Pequeno macaco; vexame
midia	mídia	Imprensa, meios de comunicação
mil	mil	Dez vezes cem
milha	milha	Distância de cerca de 1,6 km
milho	milho	Grão da pipoca
mim	mim	Pronome oblíquo tônico da 1ª pessoa
mima	mima	Paparica
mimar	mimar	Paparicar
mime	mime	Não ___ tanto a criança
mimo	mimo	Presentinho, agrado
mimos	mimos	Carinhos, afagos
mimou	mimou	A avó ___ o neto
mina	mina	Jazida subterrânea; nascente de água
minar	minar	Enfraquecer aos poucos
minas	minas	___ Gerais (estado)
minha	minha	Possessivo feminino da 1ª pessoa
minta	minta	Não ___ para mim!
minto	minto	Eu não ___ para você
miolo	miolo	Parte interna e macia do pão
miope	míope	Quem não enxerga bem de longe
mira	mira	Pontaria
mirar	mirar	Fazer pontaria
miras	miras	Objetivos, alvos
mire	mire	___ no alvo
mirei	mirei	Ontem eu ___ no alvo e acertei
mirem	mirem	___ no alvo!
mirim	mirim	Infantil: time ___
miro	miro	Eu ___ no alvo
mirou	mirou	Apontou para o alvo
mirra	mirra	Resina oferecida pelos Reis Magos
missa	missa	Celebração católica
mista	mista	Salada ___
misto	misto	Sanduíche ___-quente
mito	mito	Lenda, fábula
mitos	mitos	Lendas
mitra	mitra	Chapéu alto de bispo
miuda	miúda	Pequena, diminuta
miudo	miúdo	Muito pequeno
moca	moça	Jovem mulher
mocao	moção	Proposta em assembleia
mocas	moças	Jovens mulheres
moco	moço	Rapaz
mocos	moços	Rapazes, jovens
moda	moda	Tendência de vestuário
modas	modas	Tendências passageiras
modo	modo	Maneira, jeito
modos	modos	Boas maneiras
moeda	moeda	Dinheiro metálico
moer	moer	Triturar (café)
mofo	mofo	Bolor do pão velho
mogno	mogno	Madeira nobre avermelhada
moida	moída	Carne ___
moido	moído	Triturado, como o café
moita	moita	Arbusto baixo e cerrado
mola	mola	Espiral elástica do colchão
molar	molar	Dente do fundo da boca
molas	molas	Espirais elásticas
molda	molda	Dá forma a
molde	molde	Forma para modelar
mole	mole	Macio, não duro
moles	moles	Macios, nada firmes
molha	molha	A chuva ___ a roupa
molhe	molhe	Não ___ o chão!
molho	molho	Tempero líquido do macarrão
momo	momo	Rei ___ (do Carnaval)
monge	monge	Religioso de mosteiro
monta	monta	Ele ___ o quebra-cabeça
monte	monte	Elevação de terra; pilha
monto	monto	Eu ___ o quebra-cabeça
mora	mora	Ela ___ perto daqui
moral	moral	Ética
moram	moram	Eles ___ no Rio
morar	morar	Residir
morda	morda	Cuidado para o cão não ___
morde	morde	O cão ___ o osso
mordi	mordi	Eu ___ a maçã
mordo	mordo	Eu não ___, sou manso
more	more	Quero que ele ___ comigo
morei	morei	Eu ___ dez anos no Rio
morem	morem	Que eles ___ perto de nós
morna	morna	Tépida
morno	morno	Nem quente nem frio
moro	moro	Eu ___ num apartamento
morou	morou	Ele ___ no interior por anos
morri	morri	Quase ___ de rir
morro	morro	Colina, monte
morsa	morsa	Mamífero polar de presas longas
morte	morte	Fim da vida
morto	morto	Sem vida
mosca	mosca	Inseto que zumbe
motim	motim	Revolta de marinheiros
moto	moto	Veículo de duas rodas que usa gasolina
motor	motor	Máquina que move o carro
motos	motos	Duas-rodas dos entregadores
mova	mova	Não se ___!
movam	movam	Pessoal, não se ___ daí!
move	move	Desloca, tira do lugar
movel	móvel	Mesa, cadeira ou armário
movem	movem	Deslocam, mudam de lugar
mover	mover	Deslocar, tirar do lugar
moveu	moveu	Ele ___ o sofá de lugar
movi	movi	Eu ___ o sofá de lugar
movia	movia	O vento ___ as folhas
movo	movo	Eu ___ a peça do xadrez
muco	muco	Catarro, secreção
muda	muda	Planta pequena para transplante
mudam	mudam	Os tempos ___
mudar	mudar	Alterar, transformar
mudas	mudas	Plantinhas para transplantar
mude	mude	Não ___ de assunto
mudei	mudei	Eu ___ de casa no ano passado
mudem	mudem	Pessoal, não ___ de assunto
mudo	mudo	Que não fala
mudos	mudos	Calados, sem voz
mudou	mudou	Ela ___ de casa
muita	muita	___ gente veio à festa
muito	muito	Em grande quantidade
mula	mula	Filha de jumento com égua
mulas	mulas	Cruzas de jumento e égua
multa	multa	Penalidade de trânsito
mumia	múmia	Corpo embalsamado do Egito
mundo	mundo	O planeta Terra
mural	mural	Pintura na parede
muro	muro	Parede que cerca o terreno
muros	muros	Paredes que cercam terrenos
murro	murro	Soco
musa	musa	Fonte de inspiração do poeta
musas	musas	Inspiradoras de poetas
museu	museu	Onde se expõem obras de arte
musgo	musgo	Planta verde de pedras úmidas
mutua	mútua	Recíproca
mutuo	mútuo	Recíproco
nabo	nabo	Raiz branca de horta
nabos	nabos	Raízes brancas da horta
nacao	nação	País, povo
naco	naco	Pedaço grande
nada	nada	Coisa nenhuma
nadam	nadam	Os peixes ___
nadar	nadar	Deslocar-se na água
nade	nade	___ até a boia!
nadei	nadei	Eu ___ na piscina
nadem	nadem	Crianças, ___ perto da margem!
nado	nado	___ borboleta ou de costas
nadou	nadou	Ele ___ até a boia
naipe	naipe	Copas ou espadas, no baralho
nana	nana	___, neném
nao	não	Advérbio de negação
naos	nãos	Negativas, recusas
napa	napa	Couro sintético de sofás
nariz	nariz	Órgão do olfato
narra	narra	Conta uma história
nas	nas	Em + as
nasal	nasal	Relativo ao nariz
nasca	nasça	Que o sol ___ para todos
nasce	nasce	O sol ___ no leste
nasci	nasci	Eu ___ em março
nata	nata	Creme do leite
natal	natal	Festa de 25 de dezembro
nato	nato	Líder ___
nau	nau	Antiga embarcação a vela
naval	naval	Da marinha de guerra
nave	nave	Veículo espacial
naves	naves	Veículos espaciais
navio	navio	Grande embarcação
nega	nega	Ela sempre ___ o óbvio
negam	negam	Não admitem
negar	negar	Dizer que não
negou	negou	Ele ___ a acusação
negro	negro	Preto, escuro
negue	negue	Não ___ ajuda a ninguém
nela	nela	Em + ela
nelas	nelas	Em + elas (contração)
nele	nele	Contração de em com ele
neles	neles	Pensei ___ o dia todo
nem	nem	Conjunção: e não
nene	nenê	Criancinha de colo
nenem	neném	Bebê
neon	neon	Gás de letreiros luminosos
nervo	nervo	Fibra que conduz impulsos
nessa	nessa	Em + essa
nesse	nesse	Contração de em com esse
nesta	nesta	Em + esta
neste	neste	Contração de em com este
neta	neta	Filha do filho
netas	netas	Filhas dos filhos
neto	neto	Filho do filho
netos	netos	Filhos dos filhos
neva	neva	Nas montanhas, ___ no inverno
nevar	nevar	Cair flocos de gelo
neve	neve	Flocos brancos do inverno
nevoa	névoa	Neblina
nevou	nevou	Em julho ___ na serra
nexo	nexo	Ligação lógica, sentido
nicho	nicho	Segmento de mercado
nina	nina	Ela ___ o bebê para dormir
ninar	ninar	Fazer o bebê dormir
ninfa	ninfa	Divindade feminina dos bosques
ninho	ninho	Casa do passarinho
nisso	nisso	Nessa coisa
nisto	nisto	Contração de em com isto
nivel	nível	Patamar, grau
nobre	nobre	Aristocrata
nocao	noção	Ideia, conhecimento básico
noeis	noéis	Papais ___ do shopping
noite	noite	Período sem sol
noiva	noiva	Mulher no dia do casamento
noivo	noivo	Homem prestes a se casar
nojo	nojo	Asco, repugnância
nome	nome	Como alguém se chama
nomes	nomes	Designações de pessoas
nona	nona	Posição após a oitava
nono	nono	Posterior ao oitavo
nora	nora	Mulher do filho
norma	norma	Regra, padrão
norte	norte	Ponto cardeal oposto ao sul
nos	nós	Pronome: eu e você juntos
nossa	nossa	Exclamação de espanto
nosso	nosso	Possessivo da 1ª pessoa do plural
nota	nota	Avaliação escolar
notam	notam	Eles ___ o erro logo
notar	notar	Perceber
notas	notas	Cédulas de dinheiro
note	note	___ bem a diferença
notei	notei	Eu ___ sua ausência
notem	notem	___ a diferença!
noto	noto	Eu ___ a diferença
notou	notou	Ele não ___ a diferença
nova	nova	Contrário de velha
novas	novas	Recém-lançadas
nove	nove	Oito mais um
noves	noves	___ fora, nada
novo	novo	Contrário de velho
novos	novos	Sem uso, recentes
noz	noz	Fruto seco do Natal
nozes	nozes	Frutos secos do Natal
nua	nua	A verdade ___ e crua
nuas	nuas	Despidas, sem roupa
nuca	nuca	Parte de trás do pescoço
nula	nula	Sem validade
nulas	nulas	Sem valor, inválidas
nulo	nulo	Sem valor, inválido
num	num	___ piscar de olhos
numa	numa	Em + uma
numas	numas	Em + umas (contração)
nunca	nunca	Em tempo algum
nuns	nuns	Em alguns, contraído
nus	nus	Despidos, sem roupa
nutre	nutre	Alimenta
nuvem	nuvem	Forma-se no céu antes da chuva
oasis	oásis	Água no meio do deserto
oba	oba	Expressão de alegria
oboe	oboé	Instrumento de sopro de palheta dupla
obra	obra	Construção em andamento
obras	obras	Construções em andamento
obtem	obtém	Consegue, alcança
obter	obter	Conseguir, alcançar
obvia	óbvia	A resposta era ___ demais
obvio	óbvio	Evidente
oca	oca	Vazia por dentro, como a noz
ocas	ocas	Vazias por dentro
ocio	ócio	Tempo livre, folga
oco	oco	Vazio por dentro
ocos	ocos	Vazios por dentro
ocre	ocre	Amarelo-terroso
ocupa	ocupa	Preenche um espaço
ocupe	ocupe	___ seu lugar, por favor
ocupo	ocupo	Eu ___ muito espaço
ode	ode	Poema lírico de exaltação
odeia	odeia	Ele ___ acordar cedo
odeie	odeie	Não me ___ por isso
odeio	odeio	Eu ___ acordar cedo
odiar	odiar	Detestar
odiei	odiei	Eu ___ aquele filme
odio	ódio	Raiva intensa
odios	ódios	Rancores
odiou	odiou	Ele ___ o filme
odor	odor	Cheiro
oeste	oeste	Ponto cardeal do poente
ofuro	ofurô	Banheira japonesa de madeira
ogro	ogro	Gigante dos contos de fadas
ogros	ogros	Monstros de contos de fada
oito	oito	Número após o sete
ola	olá	Saudação cordial
ole	olé	Grito da torcida no drible
oleo	óleo	Gordura para fritura
oleos	óleos	Azeites e gorduras líquidas
olha	olha	___ só que bonito!
olham	olham	Eles ___ pela janela
olhar	olhar	Mirar, fitar
olhe	olhe	___ para mim! (ordem)
olhei	olhei	Eu ___ para o céu
olhem	olhem	___ que lindo!
olho	olho	Órgão da visão
olhos	olhos	Órgãos da visão
olhou	olhou	Ele ___ para o relógio
oliva	oliva	Azeitona
ombro	ombro	Entre o braço e o pescoço
omega	ômega	Última letra grega
omiti	omiti	Eu ___ um detalhe
onca	onça	Felino pintado brasileiro
oncas	onças	Grandes felinos pintados do Brasil
onda	onda	Movimento do mar na praia
ondas	ondas	Surfistas as pegam
onde	onde	Em que lugar?
ontem	ontem	O dia anterior a hoje
onus	ônus	Encargo, peso
onze	onze	Dez mais um
opa	opa	Exclamação de surpresa ou susto
opaco	opaco	Que não deixa passar luz
opala	opala	Pedra preciosa leitosa
opcao	opção	Escolha, alternativa
opera	ópera	Drama inteiramente cantado
opere	opere	Que o médico ___ logo
opero	opero	Eu ___ máquinas pesadas
opina	opina	Dá seu parecer
opoe	opõe	Ele se ___ ao projeto
opoem	opõem	Eles se ___ à ideia
opor	opor	Colocar contra
opos	opôs	Ontem ele se ___ ao plano
optar	optar	Escolher
optei	optei	Eu ___ pelo mais barato
optou	optou	Escolheu
ora	ora	___ veja só!
orais	orais	Provas ___ e escritas
oral	oral	Falado, não escrito
oram	oram	Eles ___ na igreja
orar	orar	Rezar
oras	oras	___ bolas!
orbe	orbe	Globo, esfera
orca	orca	Baleia assassina
orcas	orcas	Grandes golfinhos preto e branco
ordem	ordem	Comando; organização
ore	ore	___ pelos doentes, irmão
orei	orei	Eu ___ pela sua saúde
orem	orem	Que eles ___ pela paz
orfa	órfã	Menina sem pais
orfao	órfão	Quem perdeu os pais
orfas	órfãs	Meninas sem pais
orgao	órgão	Coração ou fígado, por exemplo
orla	orla	Beira da praia
oro	oro	Rezo, em prece
orou	orou	Rezou
ossea	óssea	Medula ___
osseo	ósseo	Do esqueleto: tecido ___
osso	osso	Parte do esqueleto
ossos	ossos	Formam o esqueleto
ostra	ostra	Molusco que gera pérola
otica	ótica	Loja de óculos
otico	ótico	Nervo ___ (liga o olho ao cérebro)
otima	ótima	Ela teve uma ___ ideia
otimo	ótimo	Excelente
ouca	ouça	___ esta música!
oucam	ouçam	___ com atenção, crianças!
ouco	ouço	Eu ___ música no rádio
ouro	ouro	Metal precioso amarelo
ouros	ouros	Naipe de losangos vermelhos
ousa	ousa	Atreve-se
ousam	ousam	Eles ___ desafiar o rei
ousar	ousar	Ter coragem de fazer
ouse	ouse	Não ___ me desafiar
ousei	ousei	Eu ___ pedir aumento
ousem	ousem	Que eles ___ sonhar alto
ouso	ouso	Eu não ___ discordar
ousou	ousou	Ele ___ desafiar o chefe
outra	outra	Mais uma: ___ vez
outro	outro	Diferente, distinto
ouve	ouve	Ele ___ música alta
ouvem	ouvem	Eles ___ música alta
ouvi	ouvi	Eu ___ um barulho
ouvia	ouvia	Ele ___ rádio toda manhã
ouvir	ouvir	Escutar
ouviu	ouviu	Você ___ esse barulho?
ova	ova	Uma ___! (nem pensar)
oval	oval	Formato elíptico
ovas	ovas	Ovos de peixe
ovo	ovo	A galinha o põe
ovos	ovos	Postos pelas galinhas
ovulo	óvulo	Célula reprodutiva feminina
oxala	oxalá	Tomara!
oxido	óxido	Ferrugem, em química
pacas	pacas	Roedores de carne apreciada
pacto	pacto	Acordo, trato
padre	padre	Sacerdote católico
paes	pães	Itens da padaria
paga	paga	Salário, remuneração
pagam	pagam	Eles ___ as contas em dia
pagao	pagão	Não batizado
pagar	pagar	Quitar uma dívida
pagas	pagas	Contas ___ em dia
pago	pago	Eu ___ a conta hoje
pagos	pagos	Quitados, como boletos
pagou	pagou	Ela ___ a conta
pague	pague	___ a conta, por favor
pai	pai	Genitor
paiol	paiol	Depósito de pólvora
paira	paira	Flutua no ar
pais	pais	Genitores
pajem	pajem	Menino que leva as alianças
palco	palco	Tablado do teatro
palha	palha	Haste seca de cereal
palma	palma	Parte interna da mão
palmo	palmo	Medida da mão aberta
panca	pança	Barriga grande
panda	panda	Urso chinês preto e branco
pane	pane	Defeito que para o motor
pano	pano	Tecido; flanela
panos	panos	Trapos de limpeza
pao	pão	Alimento assado na padaria
papa	papa	Chefe da Igreja Católica
papai	papai	Genitor, no falar infantil
papal	papal	Relativo ao pontífice
papao	papão	Bicho-___ das histórias infantis
papas	papas	Chefes da Igreja Católica
papel	papel	Folha para escrever; função
papo	papo	Conversa informal
papos	papos	Conversas informais
par	par	Dupla
para	para	Preposição de destino
param	param	Os ônibus ___ neste ponto
parar	parar	Cessar, interromper
pardo	pardo	Papel ___ (de embrulho)
pare	pare	___ de falar!
parei	parei	Eu ___ de fumar
parem	parem	___ com essa briga!
pareo	páreo	Disputa, competição acirrada
pares	pares	Duplas
pari	pari	Eu ___ gêmeos em maio
paria	pária	Excluído do convívio social
parir	parir	Dar à luz
paro	paro	Eu ___ no sinal vermelho
parou	parou	O carro ___ no sinal
parta	parta	Espero que ele não ___ cedo
parte	parte	Pedaço, fração
parti	parti	Eu ___ o bolo em oito pedaços
parto	parto	Nascimento do bebê
parvo	parvo	Tolo, bobo
pas	pás	Ferramentas para cavar
pasma	pasma	Atônita, boquiaberta
pasmo	pasmo	Espantado, boquiaberto
passa	passa	Uva ___ (seca)
passe	passe	Lance de bola a um companheiro
passo	passo	Movimento ao caminhar
pasta	pasta	___ de dente
pasto	pasto	Onde o gado come capim
pata	pata	Pé de animal
patas	patas	Pés dos animais
pate	patê	Pasta para passar no pão
patio	pátio	Área aberta de uma casa ou escola
pato	pato	Ave que faz quá-quá
patos	patos	Aves de lagoa
pausa	pausa	Intervalo, parada
pauta	pauta	Agenda de reunião
pavao	pavão	Ave de cauda colorida em leque
pavio	pavio	Cordão da vela
pavor	pavor	Medo intenso
paxa	paxá	Vida de ___ (vida de luxo)
paz	paz	Ausência de guerra
pazes	pazes	Fazer as ___
peao	peão	Peça mais simples do xadrez
peca	peça	Obra de teatro
pecam	peçam	Que eles ___ desculpas
pecar	pecar	Transgredir, errar moralmente
pecas	peças	Partes de um quebra-cabeça
peco	peço	Eu ___ desculpas
pecou	pecou	Ele ___ por excesso de zelo
pedal	pedal	Parte da bicicleta onde vai o pé
pede	pede	Ele ___ pizza toda sexta
pedem	pedem	Eles ___ pizza toda sexta
pedi	pedi	Eu ___ uma pizza ontem
pedia	pedia	Ele sempre ___ pizza
pedir	pedir	Solicitar
pediu	pediu	Ela ___ um café
pedra	pedra	Rocha pequena
pega	pega	Ele ___ o ônibus às oito
pegam	pegam	Eles ___ o ônibus
pegar	pegar	Segurar, apanhar
pego	pego	Eu ___ o metrô cedo
pegos	pegos	Flagrados
pegou	pegou	Ele ___ o ônibus errado
pegue	pegue	___ o guarda-chuva!
peito	peito	Tórax
peixe	peixe	Animal aquático com guelras
pela	pela	Por + a
pelas	pelas	Por + as
pele	pele	Órgão que cobre o corpo
peles	peles	Couros de animais
pelo	pelo	Fio de cabelo do corpo
pelos	pelos	Contração de por com os
pelve	pelve	Bacia óssea do corpo
pena	pena	Pluma de ave
penal	penal	Código ___
penas	penas	Plumas das aves
pende	pende	Inclina, tomba para um lado
pensa	pensa	Ele ___ muito antes de agir
pense	pense	___ bem antes de agir
penso	penso	___, logo existo
pente	pente	Objeto para ajeitar o cabelo
peoes	peões	Peças mais numerosas do xadrez
pera	pera	Fruta parecida com a maçã
peras	peras	Frutas em forma de gota
perca	perca	Não ___ a hora!
perco	perco	Eu sempre ___ as chaves
perda	perda	Prejuízo; extravio
perde	perde	Ele sempre ___ o ônibus
perdi	perdi	Eu ___ a chave de casa
perna	perna	Membro inferior do corpo
persa	persa	Gato de pelo longo
perto	perto	A pouca distância
peru	peru	Ave da ceia de Natal
perua	perua	Van escolar, popularmente
perus	perus	Aves do Natal
pes	pés	Extremidades das pernas
pesa	pesa	A mala ___ vinte quilos
pesam	pesam	As malas ___ muito
pesar	pesar	Medir o peso de
pesca	pesca	Captura de peixes
pesco	pesco	Eu ___ no lago aos domingos
pese	pese	___ a farinha na balança
pesei	pesei	Eu me ___ na balança
peso	peso	Massa medida na balança
pesos	pesos	Halteres da academia
pesou	pesou	Ele ___ a farinha na balança
peste	peste	Criança muito levada
pia	pia	Lavatório da cozinha
piada	piada	Anedota
piano	piano	Instrumento de teclas
piao	pião	Brinquedo que gira na ponta
pias	pias	Cubas da cozinha
picam	picam	Os mosquitos ___ à noite
picar	picar	Cortar em pedacinhos
piche	piche	Asfalto negro e pegajoso
pico	pico	Cume da montanha
picos	picos	Cumes de montanhas
picou	picou	O mosquito me ___
pier	píer	Plataforma sobre o mar
pifou	pifou	Quebrou, parou de funcionar
pilao	pilão	Socador de madeira para grãos
pilar	pilar	Coluna de sustentação
pilha	pilha	Bateria de controle remoto
pinca	pinça	Instrumento de tirar farpas
pinga	pinga	Cachaça
pingo	pingo	Gota
pinha	pinha	Fruto seco do pinheiro
pinho	pinho	Madeira de conífera
pino	pino	Sol a ___ (meio-dia)
pinos	pinos	Peças do boliche
pinta	pinta	Sinal na pele
pinte	pinte	___ a parede de azul
pio	pio	Som de passarinho
pior	pior	Oposto de melhor
piora	piora	Agravamento
piore	piore	Tomara que a gripe não ___
pipa	pipa	Papagaio de papel
pipas	pipas	Brinquedos que voam com linha
pique	pique	Energia, disposição
pira	pira	___ olímpica
pirar	pirar	Enlouquecer (gíria)
pirei	pirei	Eu ___ com a notícia
pires	pires	Prato que fica sob a xícara
pirou	pirou	Enlouqueceu
pisa	pisa	Ele ___ na grama
pisam	pisam	Eles ___ na grama
pisar	pisar	Pôr o pé sobre
pisca	pisca	O farol ___ no escuro
pisco	pisco	Eu ___ os olhos contra o sol
pise	pise	Não ___ na grama
pisei	pisei	Eu ___ na bola
pisem	pisem	Não ___ na grama!
piso	piso	Chão, assoalho
pisos	pisos	Pavimentos da casa
pisou	pisou	Ele ___ no meu pé
pista	pista	Indício, dica
piti	piti	Chilique, escândalo
piton	píton	Grande serpente constritora
pivo	pivô	Jogador do garrafão no basquete
pizza	pizza	Prato italiano redondo com queijo
placa	placa	Letreiro; chapa de veículo
plana	plana	Lisa, sem relevo
plane	plane	Que a gaivota ___ no vento
plano	plano	Projeto, estratégia
plato	platô	Planalto
plebe	plebe	Povo, classe popular
plena	plena	Completa, total
pleno	pleno	Completo, total
plexo	plexo	___ solar (rede de nervos)
pluma	pluma	Pena leve de ave
pneu	pneu	Borracha da roda do carro
pneus	pneus	Borrachas das rodas
pobre	pobre	Sem dinheiro
poca	poça	Água parada no chão após a chuva
pocao	poção	Bebida mágica de bruxa
pocas	poças	Acúmulos de água na rua
poco	poço	Buraco para tirar água
pocos	poços	Buracos de tirar água
poda	poda	Corte de galhos de plantas
podar	podar	Cortar galhos
pode	pode	Ele ___ entrar, está liberado
podem	podem	Vocês ___ entrar agora
poder	poder	Autoridade; ter capacidade
podia	podia	Você ___ me ajudar?
podio	pódio	Lugar dos três primeiros colocados
podre	podre	Estragado, em decomposição
poe	põe	Ela ___ a mesa do jantar
poem	põem	As galinhas ___ ovos
poema	poema	Obra em versos
poeta	poeta	Autor de versos
pois	pois	Porque; portanto
polar	polar	Urso ___
polca	polca	Dança de origem tcheca
polen	pólen	Pó das flores
polia	polia	Roda de corda para erguer peso
polir	polir	Dar brilho, lustrar
polo	polo	Extremo norte ou sul da Terra
polos	polos	Norte e Sul, na Terra
polpa	polpa	Parte carnuda da fruta
polvo	polvo	Molusco de oito braços
pomar	pomar	Plantação de árvores frutíferas
pomba	pomba	Ave símbolo da paz
pombo	pombo	Ave comum das praças
pomo	pomo	___ da discórdia
pomos	pomos	Nós ___ a mesa
pompa	pompa	Luxo, ostentação
pondo	pondo	Colocando
ponei	pônei	Cavalo de pequeno porte
ponha	ponha	___ a mesa para o jantar
ponho	ponho	Eu ___ a mesa para o jantar
ponta	ponta	Extremidade
ponte	ponte	Liga as margens de um rio
ponto	ponto	Sinal no fim da frase
popa	popa	Parte de trás do navio
por	por	Preposição de causa ou meio
pora	porá	Ele ___ a mesa para o jantar
porao	porão	Andar abaixo da casa
porca	porca	Peça do parafuso
porco	porco	Animal que dá o toucinho
porei	porei	Amanhã eu ___ a mesa cedo
porem	porém	Contudo, todavia
poria	poria	Eu ___ a mesa se pudesse
poros	poros	Orifícios da pele
porre	porre	Bebedeira
porta	porta	Entrada com maçaneta
porte	porte	Tamanho; estatura
porto	porto	Cais de navios
pos	pós	Curso após a graduação
posa	posa	O modelo ___ para o pintor
posar	posar	Ficar parado para a foto
pose	pose	Postura para a foto
poses	poses	Posturas para a foto
poso	poso	Eu ___ para fotos
posou	posou	Ontem ela ___ para o retrato
possa	possa	Espero que ele ___ vir
posse	posse	Domínio, propriedade
posso	posso	Eu ___ ajudar?
posta	posta	Fatia grossa de peixe
poste	poste	Coluna da iluminação da rua
posto	posto	___ de gasolina
pote	pote	Recipiente com tampa
potes	potes	Recipientes de vidro
potro	potro	Filhote de cavalo
pouca	pouca	___ gente veio
pouco	pouco	Em pequena quantidade
poupa	poupa	Ela ___ dinheiro todo mês
poupe	poupe	___ dinheiro para as férias
poupo	poupo	Eu ___ dinheiro todo mês
pousa	pousa	O avião ___ na pista
pouse	pouse	___ o avião com cuidado
pouso	pouso	Aterrissagem
povo	povo	População, nação
povos	povos	Nações
poxa	poxa	Interjeição de desapontamento
pra	pra	Vou ___ casa (coloquial)
praca	praça	Largo com bancos e árvores
prado	prado	Campo de pasto
praga	praga	Peste da lavoura
praia	praia	Areia à beira-mar
prata	prata	Medalha do segundo lugar
prato	prato	Louça onde se serve comida
praxe	praxe	Costume, rotina habitual
prazo	prazo	Tempo limite
prece	prece	Oração
preco	preço	Valor a pagar
prega	prega	Dobra do tecido
prego	prego	Crava-se com martelo
presa	presa	Animal capturado pelo predador
preso	preso	Amarrado, fixo
preta	preta	Escura como o carvão
preto	preto	Cor do carvão
preve	prevê	O meteorologista ___ chuva
previ	previ	Eu ___ isso tudo
preza	preza	Valoriza muito
prezo	prezo	Eu ___ sua amizade (estimo)
prima	prima	Filha da tia
primo	primo	Filho do tio
priva	priva	Tira de alguém um direito
proa	proa	Frente do navio
prol	prol	Em ___ de (a favor de)
prole	prole	Filhos, descendência
pros	prós	Os ___ e os contras
prosa	prosa	Texto que não é verso
prova	prova	Exame escolar
prove	prove	___ este bolo
provo	provo	Eu ___ o bolo antes
prumo	prumo	Fio de ___, do pedreiro
psiu	psiu	Chamado para pedir silêncio
pude	pude	Não ___ ir à festa ontem
puder	puder	Se eu ___, eu vou
pudim	pudim	Sobremesa de leite condensado
pudor	pudor	Vergonha, recato
pula	pula	Salta
pulam	pulam	Os sapos ___
pular	pular	Saltar
pule	pule	___ corda!
pulei	pulei	Eu ___ o muro ontem
pulem	pulem	___ corda, crianças!
pulga	pulga	Inseto parasita de cães
pulo	pulo	Salto
pulos	pulos	Saltos
pulou	pulou	Ele ___ a cerca
pulsa	pulsa	Lateja, como a veia
pulso	pulso	Batimento medido no punho
puma	puma	Onça-parda
pumas	pumas	Onças-pardas
pune	pune	Castiga
punha	punha	Ela ___ a mesa
punho	punho	Mão fechada
punir	punir	Castigar
puniu	puniu	O juiz ___ o infrator
pura	pura	Límpida, sem mistura
puras	puras	Limpas, sem mistura
pure	purê	___ de batata
puro	puro	Sem mistura
puros	puros	Limpos, sem mistura
pus	pus	Eu ___ a mesa
puxa	puxa	___ vida!
puxam	puxam	Eles ___ a corda
puxao	puxão	Tranco, arranco
puxar	puxar	Contrário de empurrar
puxe	puxe	___ a porta para abrir
puxei	puxei	Eu ___ conversa com ela ontem
puxem	puxem	Todos ___ a corda juntos!
puxo	puxo	Eu ___ a corda
puxou	puxou	Ela ___ ao pai (parece-se)
quais	quais	___ são suas cores favoritas?
qual	qual	Pronome interrogativo de escolha
quao	quão	Advérbio: em que grau
quase	quase	Por pouco
que	que	Pronome relativo
queda	queda	Tombo
quem	quem	Pronome interrogativo para pessoas
quepe	quepe	Boné de militar ou policial
quer	quer	Ela ___ um café, por favor
quero	quero	Eu ___ um café
quica	quiçá	Talvez, porventura
quilo	quilo	Mil gramas
quina	quina	Aresta de móvel
quis	quis	Ele não ___ vir ontem
quite	quite	Sem dívidas, em dia
raca	raça	Linhagem de cão
racao	ração	Comida de cachorro
racas	raças	Poodle e labrador, entre cães
racha	racha	Fenda na parede
rache	rache	Quero que ele ___ a conta comigo
radar	radar	Detector de velocidade na estrada
radio	rádio	Aparelho para ouvir notícias e música
raia	raia	Peixe achatado de cauda longa
raiar	raiar	Despontar (o dia)
raias	raias	Faixas da piscina
raio	raio	Descarga elétrica da tempestade
raios	raios	Caem durante tempestades
raiva	raiva	Ira, fúria
raiz	raiz	Parte da planta sob a terra
rala	rala	Pouco espessa, como sopa aguada
ralar	ralar	Esfolar (o joelho)
ralei	ralei	Eu ___ o queijo para a massa
rali	rali	Prova de carro em terreno acidentado
ralo	ralo	Buraco de escoamento do box
ramal	ramal	Extensão de linha telefônica
ramo	ramo	Galho da árvore
ramos	ramos	Galhos
rampa	rampa	Plano inclinado
range	range	A porta velha ___
rango	rango	Comida, na gíria
ranho	ranho	Catarro do nariz, na fala popular
rapaz	rapaz	Moço
rapel	rapel	Descida de paredão por corda
rara	rara	Ave ___ (pessoa incomum)
raras	raras	Incomuns, escassas
raro	raro	Incomum
raros	raros	Incomuns
ras	rãs	Anfíbios verdes do brejo
rasa	rasa	Pouco profunda
rasas	rasas	Pouco profundas
rasga	rasga	Ela ___ a carta com raiva
rasgo	rasgo	Eu ___ o papel
raso	raso	Pouco fundo
rasos	rasos	Pouco fundos
raspa	raspa	A ___ do tacho
raspe	raspe	___ o fundo da panela
rato	rato	Roedor
ratos	ratos	Roedores de esgoto
razao	razão	Juízo; motivo
reage	reage	Responde a um estímulo
reagi	reagi	Eu ___ na hora
reais	reais	Nota de cem ___
reaja	reaja	Não ___ com raiva
reajo	reajo	Eu ___ rápido ao susto
real	real	Moeda do Brasil; verdadeiro
recai	recai	A culpa ___ sobre ele
recem	recém	___-nascido
recua	recua	Dá um passo atrás
recue	recue	Não ___ agora!
recuo	recuo	Passo atrás, retirada
rede	rede	Leito suspenso para descanso
redea	rédea	Correia para guiar o cavalo
redes	redes	Malhas usadas na pesca
redor	redor	Ao ___ da mesa
reduz	reduz	Diminui
refez	refez	Ele ___ o trabalho todo
refil	refil	Carga de reposição de caneta
refiz	refiz	Eu ___ a prova ontem
rega	rega	Molha as plantas
regar	regar	Molhar as plantas
rege	rege	O maestro ___ a orquestra
regem	regem	Os maestros ___ a orquestra
reger	reger	Conduzir a orquestra
rego	rego	Eu ___ as plantas de manhã
regra	regra	Norma
regua	régua	Instrumento de medir e traçar
rei	rei	Monarca
reina	reina	O silêncio ___ na sala
reine	reine	Que ___ a paz
reino	reino	Território governado por monarca
reis	reis	Monarcas
rele	relé	Interruptor elétrico automático
reler	reler	Percorrer o texto de novo
reles	reles	Um ___ mortal
reli	reli	Eu ___ o livro pela terceira vez
relva	relva	Grama
rema	rema	Ele ___ o barco no lago
remar	remar	Impulsionar a canoa
reme	reme	___ com força, marinheiro!
remem	remem	___ mais rápido, pessoal!
remo	remo	Pá do barco
remos	remos	Movem o barco a braço
rena	rena	Animal do trenó do Papai Noel
renal	renal	Relativo aos rins
renas	renas	Puxam o trenó do Papai Noel
renda	renda	Salário, ganhos mensais
rende	rende	O dinheiro ___ na poupança
rendi	rendi	Eu me ___ ao cansaço
rendo	rendo	Eu me ___, você venceu
rente	rente	Bem curto, como corte de cabelo
repor	repor	Devolver ao lugar
resta	resta	Só ___ esperar
resto	resto	Sobra, o que ficou
reta	reta	Linha sem curvas
retas	retas	Linhas sem curvas
retem	retém	A esponja ___ a água
reter	reter	Segurar, conservar
reto	reto	Sem curvas
retos	retos	Ângulos de 90 graus
retro	retrô	Estilo que imita o passado
reu	réu	Acusado no processo
reuna	reúna	___ a família no domingo
reune	reúne	Junta, agrupa
reuni	reuni	Eu ___ a família no Natal
reus	réus	Acusados no tribunal
rever	rever	Tornar a assistir
reves	revés	Contratempo, derrota
revi	revi	Eu ___ o filme ontem
reza	reza	Oração a um santo
rezam	rezam	Eles ___ o terço
rezar	rezar	Orar
rezas	rezas	Orações
reze	reze	Que ele ___ antes de dormir
rezei	rezei	Ontem eu ___ pela sua saúde
rezem	rezem	___ pelo sucesso da viagem
rezo	rezo	Eu ___ antes de dormir
rezou	rezou	Ela ___ o terço
ria	ria	Ela ___ de tudo
riam	riam	Eles ___ à toa
rica	rica	Endinheirada
ricas	ricas	Endinheiradas
rico	rico	Endinheirado
ricos	ricos	Endinheirados
riem	riem	Eles ___ das piadas
rifa	rifa	Sorteio de bilhetes numerados
rigor	rigor	Severidade
rim	rim	Órgão que filtra o sangue
rima	rima	Amor com dor, num poema
rimam	rimam	Amor e dor ___
rimar	rimar	Fazer versos com sons iguais
rimas	rimas	Sons iguais no fim dos versos
rimel	rímel	Cosmético dos cílios
rimos	rimos	Nós ___ da piada
rimou	rimou	O poeta ___ amor com dor
rindo	rindo	Ela está ___ à toa
rins	rins	Órgãos que filtram o sangue
rio	rio	Curso de água doce
rios	rios	Cursos d'água
ripa	ripa	Tira estreita de madeira
rir	rir	Achar graça, gargalhar
rira	rirá	Amanhã ela ___ desta história
riram	riram	Todos ___ da piada
riria	riria	Ele ___ se visse isso
risca	risca	Seguir à ___
risco	risco	Perigo, ameaça
riso	riso	Reação a uma piada
risos	risos	Gargalhadas
ritmo	ritmo	Compasso da música
rito	rito	Liturgia, cerimonial
ritos	ritos	Cerimônias religiosas
riu	riu	Ele ___ da piada
rival	rival	Adversário
rixa	rixa	Briga antiga, desavença
rixas	rixas	Brigas, desavenças
roa	roa	Que o rato ___ o queijo
robe	robe	Roupão de ficar em casa
robes	robes	Roupões
robo	robô	Autômato
robos	robôs	Autômatos
roca	roça	Terra cultivada no interior
rocha	rocha	Pedra grande
roda	roda	Gira no eixo
rodam	rodam	Os pneus ___ na estrada
rodar	rodar	Girar
rodas	rodas	O carro tem quatro
rode	rode	___ a manivela
rodei	rodei	Eu ___ a cidade toda
rodem	rodem	Que os pneus ___ sem parar
rodo	rodo	Puxa a água do chão
rodou	rodou	O pião ___ no chão
roer	roer	Morder aos poucos, como o rato
roeu	roeu	O rato ___ a roupa do rei
rojao	rojão	Foguete que estoura alto
rol	rol	Lista, relação
rolam	rolam	Giram ladeira abaixo
rolar	rolar	Girar pelo chão
role	rolê	Passeio, voltinha (gíria)
rolha	rolha	Tampa de garrafa de vinho
rolo	rolo	Cilindro para abrir massa
rolos	rolos	Bobes de cabelo
rolou	rolou	A bola ___ ladeira abaixo
roma	romã	Fruta de sementes vermelhas
rombo	rombo	Grande prejuízo
rompa	rompa	Espero que ele não ___ o contrato
rompe	rompe	Quebra, parte
rompi	rompi	Eu ___ o namoro
ronca	ronca	Faz barulho ao dormir
ronco	ronco	Barulho de quem dorme
ronda	ronda	Patrulha noturna
rondo	rondo	Eu ___ o quarteirão, vigiando
roo	roo	Eu ___ as unhas
roque	roque	Jogada de xadrez com rei e torre
rosa	rosa	Flor com espinhos
rosas	rosas	Flores com espinhos
rosca	rosca	Pão doce trançado
rose	rosé	Vinho entre o tinto e o branco
rosna	rosna	O cão ___ para o estranho
rosto	rosto	Face, semblante
rota	rota	Caminho, trajeto
rotas	rotas	Caminhos, trajetos
rotor	rotor	Parte giratória de motor ou helicóptero
rouba	rouba	Furta
roube	roube	Que ninguém ___ a sua ideia
roubo	roubo	Furto
rouca	rouca	Voz ___ de tanto gritar
rouco	rouco	De voz áspera e fraca
roupa	roupa	Vestimenta, traje
roxa	roxa	A berinjela é ___
roxas	roxas	Violetas, na cor
roxo	roxo	Cor da berinjela
roxos	roxos	Como berinjelas, na cor
rua	rua	Via pública
ruas	ruas	Vias da cidade
rubi	rubi	Pedra preciosa vermelha
rubis	rubis	Pedras preciosas vermelhas
rubor	rubor	Vermelhidão no rosto
rude	rude	Grosseiro
rudes	rudes	Grosseiros, mal-educados
ruela	ruela	Viela estreita
rufem	rufem	Que ___ os tambores!
ruga	ruga	Marca da idade na pele
rugas	rugas	Marcas da idade na pele
rugbi	rúgbi	Esporte de bola oval
ruge	ruge	O leão ___
rugir	rugir	Bramir, como o leão
ruido	ruído	Barulho incômodo
ruim	ruim	De má qualidade
ruina	ruína	Destroços de construção antiga
ruins	ruins	Péssimos, de má qualidade
ruir	ruir	Desmoronar
ruiu	ruiu	Desabou
ruiva	ruiva	De cabelo cor de fogo
ruivo	ruivo	De cabelo avermelhado
rum	rum	Bebida de cana do Caribe
ruma	ruma	Segue em direção a
rumba	rumba	Ritmo cubano dançado a dois
rumo	rumo	Direção, caminho
rumor	rumor	Boato
rumos	rumos	Direções, caminhos
runa	runa	Letra de antigo alfabeto nórdico
runas	runas	Letras de antigos alfabetos nórdicos
rural	rural	Do campo
russa	russa	Montanha-___ do parque
russo	russo	Idioma falado em Moscou
sabao	sabão	Produto de limpeza em barra
sabe	sabe	Ela ___ tocar violão
sabem	sabem	Eles ___ a resposta
saber	saber	Conhecer
sabia	sabia	Eu não ___ disso!
sabio	sábio	Muito erudito, douto
sabor	sabor	Gosto
sabre	sabre	Espada de lâmina curva
saca	saca	___ de café (60 kg)
sacar	sacar	Tirar dinheiro do banco
sacas	sacas	Sacos grandes de café
sacos	sacos	Embalagens de papel ou plástico
sacou	sacou	Tirou dinheiro do banco
sacro	sacro	Osso na base da coluna
sadia	sadia	Em boa forma, robusta
sadio	sadio	Saudável
saem	saem	Eles ___ cedo de casa
safa	safa	Esperta, desenrolada
safam	safam	Eles se ___ de tudo
safar	safar	Livrar de apuro
safei	safei	Eu me ___ da bronca
safo	safo	Esperto, que se livra de apuros
safou	safou	Ele se ___ da bronca
safra	safra	Colheita do ano
saga	saga	Longa história épica
sagaz	sagaz	Astuto, perspicaz
sai	sai	Ele ___ cedo de casa
saia	saia	Peça feminina da cintura para baixo
saiam	saiam	___ daqui agora!
saias	saias	Peças de roupa femininas
saiba	saiba	Quero que você ___ a verdade
saida	saída	Oposto de entrada
saido	saído	Ele tinha ___ cedo
saio	saio	Eu ___ de casa às oito
sair	sair	Ir para fora
saira	sairá	Amanhã o ônibus ___ às dez
sais	sais	___ de banho
saiu	saiu	Ele ___ de casa cedo
sal	sal	Tempero extraído do mar
sala	sala	Cômodo de estar
salao	salão	Local de festas; cabeleireiro
salas	salas	Cômodos de estar
saldo	saldo	Valor na conta bancária
salmo	salmo	Cântico bíblico de Davi
salsa	salsa	Erva de tempero, par da cebolinha
salta	salta	Pula
salte	salte	Pule! (ordem)
salto	salto	Pulo
salva	salva	___ de palmas
salve	salve	___ o arquivo antes de sair
salvo	salvo	São e ___
samba	samba	Ritmo do Carnaval
santa	santa	Mulher canonizada
santo	santo	Pessoa canonizada
sao	são	Eles ___ irmãos
saos	sãos	Voltaram ___ e salvos
sapo	sapo	Anfíbio que coaxa
sapos	sapos	Anfíbios que coaxam
saque	saque	Retirada de dinheiro no banco
sara	sara	A ferida ___ com o tempo
sarar	sarar	Curar-se
sarau	sarau	Noite de música e poesia
saris	saris	Trajes das indianas
sarna	sarna	Procurar ___ para se coçar
sarou	sarou	Curou-se, ficou bom
sarro	sarro	Tirar ___ (zombar)
sas	sãs	___ e salvas
sauda	saúda	Cumprimenta
saude	saúde	Bem-estar físico
saudo	saúdo	Eu ___ a todos os presentes
sauna	sauna	Banho de vapor
sax	sax	Instrumento de sopro do jazz
sebo	sebo	Loja de livros usados
seca	seca	Estiagem
secam	secam	As roupas ___ no varal
secao	seção	Divisão, departamento
secar	secar	Tirar a umidade
secas	secas	Estiagens
seco	seco	Árido
secos	secos	Enxutos, sem umidade
secou	secou	A roupa ___ no varal
seda	seda	Tecido fino produzido por lagartas
sedar	sedar	Acalmar com remédio
sedas	sedas	Tecidos nobres de origem chinesa
sede	sede	Vontade de beber água
seduz	seduz	Encanta, atrai
segue	segue	A vida ___
segui	segui	Eu ___ o conselho dela
sei	sei	Eu não ___ a resposta
seio	seio	No ___ da família
seis	seis	Meia dúzia
seita	seita	Grupo religioso fechado
seiva	seiva	Líquido que circula nas plantas
seja	seja	Que ___ feliz! (desejo)
sejam	sejam	___ bem-vindos!
sela	sela	Assento do cavalo
selar	selar	Fechar com lacre
selas	selas	Assentos do cavaleiro
sele	sele	___ o cavalo antes de montar
selim	selim	Assento da bicicleta
selo	selo	Colado na carta
selos	selos	Estampilhas de carta
selou	selou	Ele ___ o acordo com um aperto de mão
selva	selva	Floresta densa
sem	sem	Preposição de ausência
senao	senão	Caso contrário
sendo	sendo	Está ___ feito agora
senha	senha	Código secreto de acesso
senil	senil	Caduco pela idade
senso	senso	___ de humor
senta	senta	___ aqui do meu lado
sente	sente	Ela ___ frio à noite
senti	senti	Eu ___ saudade de você
sento	sento	Eu me ___ na primeira fila
septo	septo	Divisória do nariz
seque	seque	___ as mãos na toalha
ser	ser	Existir
sera	será	O que ___ que aconteceu?
serao	serão	Eles ___ felizes juntos
serei	serei	Eu ___ médico um dia
serem	serem	Nasceram para ___ felizes
seres	seres	Criaturas vivas
seria	seria	Isso ___ ótimo! (condicional)
serie	série	Programa em episódios
serio	sério	Grave, circunspecto
serra	serra	Cadeia de montanhas
serva	serva	Criada, doméstica
serve	serve	Para que ___ isso?
servi	servi	Ontem eu ___ o almoço cedo
servo	servo	Criado, vassalo
sesta	sesta	Soneca após o almoço
seta	seta	Sinal indicador de direção
setas	setas	Flechas
sete	sete	Número após o seis
setes	setes	Pintar os ___ (aprontar)
setor	setor	Área, ramo de atividade
seu	seu	Possessivo da 3ª pessoa
seus	seus	Pronome possessivo masculino plural
sexta	sexta	Dia da semana antes do sábado
sexto	sexto	Que vem depois do quinto
sido	sido	Tem ___ um dia difícil
sidra	sidra	Bebida de maçã fermentada
sifao	sifão	Cano curvo sob a pia
siga	siga	___ em frente
sigam	sigam	___ aquele carro!
sigla	sigla	Abreviatura como ONU ou CPF
sigma	sigma	Letra grega da soma
signo	signo	Leão, Touro ou Virgem
sigo	sigo	Eu ___ em frente
silo	silo	Depósito de grãos
silos	silos	Depósitos de grãos
sim	sim	Resposta afirmativa
simio	símio	Macaco
sina	sina	Destino, fado
sinal	sinal	Indício; semáforo
sino	sino	Badala na igreja
sinos	sinos	Badalam na igreja
sinta	sinta	___-se à vontade
sinto	sinto	Eu ___ muito, lamento
siri	siri	Caranguejo de praia
sirio	sírio	Natural de Damasco
sirva	sirva	Que ele ___ o jantar
sirvo	sirvo	Eu ___ o jantar às oito
siso	siso	Dente do ___
sitio	sítio	Pequena propriedade rural
situa	situa	Localiza
soa	soa	Isso ___ estranho para mim
soam	soam	Palavras que ___ parecidas
soar	soar	Produzir som
soara	soará	O alarme ___ às sete
soava	soava	O sino ___ ao meio-dia
sob	sob	Embaixo de
sobe	sobe	O preço ___ todo mês
sobem	sobem	Os preços ___ todo mês
sobra	sobra	Resto, excedente
sobre	sobre	Em cima de; a respeito de
soca	soca	Esmurra
socar	socar	Dar murros
socia	sócia	Parceira de negócio
socio	sócio	Parceiro de negócio
socou	socou	Amassou o alho no pilão
soda	soda	Água gaseificada
sodio	sódio	Elemento do sal de cozinha
sofa	sofá	Assento estofado da sala
sofas	sofás	Assentos estofados da sala
sofra	sofra	Não ___ por antecipação
sofre	sofre	Padece
sofri	sofri	Eu ___ com a saudade
sofro	sofro	Eu ___ com o calor
sogra	sogra	Mãe do cônjuge
sogro	sogro	Pai do cônjuge
soja	soja	Leguminosa do tofu
sol	sol	Astro rei
sola	sola	Parte de baixo do sapato
solar	solar	Do astro-rei
solas	solas	Partes de baixo dos sapatos
solda	solda	Liga que une peças de metal
soldo	soldo	Salário de militar
solo	solo	Chão, terra
solos	solos	Terrenos, chãos
solta	solta	Livre, desamarrada
solte	solte	___ o cachorro no quintal
solto	solto	Livre, desamarrado
som	som	Barulho
soma	soma	Resultado da adição
somam	somam	Adicionam
somar	somar	Adicionar
somas	somas	Adições, totais
some	some	Ele ___ sem avisar
somem	somem	As meias ___ na máquina
somo	somo	Eu ___ os números na calculadora
somos	somos	Nós ___ amigos
sonar	sonar	Detector submarino por som
sonda	sonda	Nave espacial não tripulada
sonha	sonha	Ela ___ acordada
sonhe	sonhe	Que você ___ com os anjos
sonho	sonho	Visão durante o sono
sono	sono	Vontade de dormir
sons	sons	Ruídos
soou	soou	O alarme ___ cedo
sopa	sopa	Caldo servido quente no prato fundo
sopao	sopão	Caldo grosso e farto, no inverno
sopas	sopas	Caldos quentes
sope	sopé	Base da montanha
sopra	sopra	O vento ___ forte
sopre	sopre	___ as velinhas!
sopro	sopro	Ar soltado pela boca
soro	soro	Líquido tomado na veia
sorri	sorri	Ela sempre ___ para todos
sorte	sorte	Contrário de azar
sos	sós	Sozinhos
sosia	sósia	Pessoa idêntica a outra
sotao	sótão	Cômodo sob o telhado
sou	sou	Eu ___ brasileiro
soube	soube	Ele ___ da notícia ontem
sova	sova	O padeiro ___ a massa do pão
sua	sua	Possessivo: minha, tua, ___
suada	suada	Vitória ___, conquistada a custo
suado	suado	Molhado de transpiração
suam	suam	Eles ___ muito no calor
suar	suar	Transpirar
suas	suas	Minhas, tuas, ___
suave	suave	Delicado, macio
suba	suba	___ a escada devagar
subam	subam	___ a escada, por favor
subi	subi	Eu ___ a escada correndo
subia	subia	Ele ___ a escada correndo
subir	subir	Escalar; ir para cima
subiu	subiu	O preço ___ de novo
subo	subo	Eu ___ de elevador
suco	suco	Bebida de laranja espremida
sucos	sucos	Bebidas de frutas
sueca	sueca	Mulher de Estocolmo
sueco	sueco	Nascido em Estocolmo
suei	suei	Eu ___ muito na academia
sufle	suflê	Prato que cresce no forno
suga	suga	O mosquito ___ sangue
sugam	sugam	Os pernilongos ___ sangue
sugar	sugar	Aspirar com a boca
sugou	sugou	O mosquito ___ o sangue
sugue	sugue	Que o aspirador ___ o pó
suico	suíço	Nascido em Zurique
suina	suína	Carne ___ (de porco)
suino	suíno	Relativo ao porco
suite	suíte	Quarto com banheiro próprio
suja	suja	Imunda
sujam	sujam	As crianças ___ a roupa
sujar	sujar	Manchar, emporcalhar
sujas	sujas	Imundas, como roupas no cesto
suje	suje	Não ___ o tapete!
sujei	sujei	Eu ___ a roupa de lama
sujo	sujo	Imundo
sujos	sujos	Imundos
sujou	sujou	O cão ___ o tapete
sul	sul	Ponto cardeal oposto ao norte
sulco	sulco	Rego feito pelo arado
suma	suma	___ daqui!
sumam	sumam	Desapareçam!
sumi	sumi	Eu ___ do mapa por um tempo
sumia	sumia	Ele ___ por dias e voltava
sumir	sumir	Desaparecer
sumiu	sumiu	Desapareceu
sumo	sumô	Luta japonesa de gigantes
sunga	sunga	Roupa de banho masculina
suo	suo	Eu ___ muito no calor
suor	suor	Transpiração
suou	suou	Ele ___ na academia
supoe	supõe	Presume, imagina
supor	supor	Imaginar, presumir
supos	supôs	Ele ___ que era tarde
supus	supus	Eu ___ que fosse verdade
surda	surda	Que não ouve
surdo	surdo	Tambor grave da bateria de samba
surfa	surfa	Pega ondas na prancha
surfe	surfe	Esporte das ondas
surge	surge	Aparece
surja	surja	Espero que ___ uma chance
surta	surta	Perde o controle
surte	surte	O remédio ___ efeito rápido
surto	surto	Explosão súbita
susto	susto	Sobressalto
sutia	sutiã	Roupa íntima feminina para o busto
sutil	sutil	Delicado, quase imperceptível
sutis	sutis	Discretos, delicados
tabu	tabu	Assunto proibido
tabua	tábua	Peça plana de madeira
tabus	tabus	Assuntos proibidos
taca	taça	Copo com haste para vinho
tacar	tacar	Atirar, arremessar (informal)
tacas	taças	Copos de vinho com haste
tacho	tacho	Panelão de doce de leite
taco	taco	Bastão do golfe
tacos	tacos	Bastões de sinuca
taiga	taiga	Floresta fria de coníferas
tais	tais	___ como (por exemplo)
tal	tal	Semelhante; esse
tala	tala	Imobiliza o dedo quebrado
talao	talão	Bloco de cheques
talco	talco	Pó para os pés
talo	talo	Haste da folha
talos	talos	Hastes de folhas e flores
tampa	tampa	Cobre a panela
tampe	tampe	___ a panela para ferver
tanga	tanga	Biquíni bem pequeno
tango	tango	Dança argentina
tanta	tanta	___ gente na fila!
tanto	tanto	Tamanha quantidade
tao	tão	Advérbio de intensidade: "___ bonito!"
tapa	tapa	Bofetada
tapar	tapar	Cobrir, fechar
tarda	tarda	Demora, atrasa
tarde	tarde	Período após o meio-dia
tarja	tarja	Faixa preta em remédio controlado
taro	tarô	Baralho de cartomante
tato	tato	Sentido do toque
tatu	tatu	Animal de carapaça que cava
taxa	taxa	Tarifa, imposto
taxas	taxas	Tarifas
taxi	táxi	Carro de aluguel com motorista
taxis	táxis	Carros de praça
tchau	tchau	Despedida informal
tear	tear	Máquina de tecer
tece	tece	A aranha ___ a teia
tecer	tecer	Tramar fios, como a aranha
tecla	tecla	Botão do piano ou do computador
tecle	tecle	___ Enter para continuar
tedio	tédio	Enfado, chatice
teia	teia	Rede da aranha
teias	teias	Obras das aranhas
tela	tela	Parte do celular que se toca
telao	telão	Grande painel de vídeo em estádios
telas	telas	Monitores
telha	telha	Peça de barro do teto
tem	tem	Ele ___ dois irmãos
tema	tema	Assunto
temam	temam	Não ___ o escuro
temas	temas	Assuntos
teme	teme	Receia
temem	temem	Eles ___ o escuro
temer	temer	Ter medo de
temeu	temeu	Teve medo
temi	temi	Eu ___ pelo pior, mas deu certo
temia	temia	Ela ___ o escuro
temo	temo	Eu ___ o pior
temor	temor	Medo
temos	temos	Nós ___ dois filhos
tempo	tempo	Duração; condição do clima
tenaz	tenaz	Persistente, obstinado
tenda	tenda	Barraca de camping
tende	tende	Ele ___ a exagerar
tendo	tendo	Estou ___ um dia ótimo
tenha	tenha	___ um bom dia!
tenho	tenho	Eu ___ trinta anos
tenis	tênis	Calçado esportivo
tenor	tenor	Voz masculina aguda
tenra	tenra	Macia, delicada
tenro	tenro	Macio, delicado
tensa	tensa	Nervosa
tenso	tenso	Nervoso, estressado
tenta	tenta	Ele ___ de novo
tente	tente	___ de novo!
tento	tento	Eu ___ de novo amanhã
tenue	tênue	Fraco, sutil
teor	teor	___ alcoólico
ter	ter	Possuir
terao	terão	Eles ___ férias em julho
terca	terça	Dia após a segunda
terco	terço	Uma de três partes iguais
terei	terei	Eu ___ férias em julho
terem	terem	Por ___ vencido, comemoraram
teria	teria	Eu ___ ido, se pudesse
termo	termo	Palavra, vocábulo
terna	terna	Meiga, afetuosa
terno	terno	Paletó e calça do mesmo tecido
terra	terra	Solo, chão
tese	tese	Trabalho de doutorado
teses	teses	Trabalhos de doutorado
testa	testa	Parte do rosto acima dos olhos
teste	teste	Prova, exame
teto	teto	Parte de cima do quarto
tetos	tetos	Partes de cima dos cômodos
teu	teu	Possessivo da 2ª pessoa (tu)
teus	teus	Seus, na fala do tu
teve	tevê	Televisão, informalmente
texto	texto	Conjunto de frases escritas
tez	tez	Pele do rosto
tia	tia	Irmã do pai ou da mãe
tiara	tiara	Enfeite de cabelo de princesa
tias	tias	Irmãs da mãe ou do pai
tibia	tíbia	Osso da perna
tico	tico	Pouquinho, pedacinho
tida	tida	___ como a melhor do ano
tido	tido	Ele tinha ___ um dia longo
tiete	tiete	Fã fervoroso
tigre	tigre	Felino listrado
til	til	Sinal gráfico do "ã"
tilde	tilde	Sinal gráfico do ã
timao	timão	Roda do leme do navio
time	time	Equipe esportiva
times	times	Equipes de futebol
tina	tina	Bacia grande para lavar roupa
tinha	tinha	Eu ___ um cachorro na infância
tino	tino	Juízo, bom senso
tinta	tinta	Usada para pintar paredes
tinto	tinto	Vinho ___
tio	tio	Irmão do pai ou da mãe
tios	tios	Irmãos dos pais
tipo	tipo	Espécie, categoria
tipos	tipos	Espécies, categorias
tique	tique	Mania nervosa involuntária
tira	tira	Ele ___ o chapéu
tiram	tiram	Eles ___ foto de tudo
tirar	tirar	Remover, extrair
tiras	tiras	Faixas estreitas
tire	tire	___ os sapatos!
tirei	tirei	Eu ___ nota dez na prova
tirem	tirem	___ os sapatos na entrada
tiro	tiro	Eu ___ o casaco quando esquento
tirou	tirou	Ela ___ nota dez
tita	titã	Gigante mitológico
titas	titãs	Gigantes da mitologia grega
titia	titia	Irmã da mamãe, com carinho
titio	titio	Irmão do papai, carinhosamente
tive	tive	Eu ___ uma ideia!
tiver	tiver	Quando eu ___ tempo, eu ligo
toa	toa	À ___ (sem rumo)
toca	toca	Buraco de coelho
tocam	tocam	Os sinos ___ ao meio-dia
tocar	tocar	Encostar; executar música
tocas	tocas	Buracos de coelhos
tocha	tocha	Facho de fogo
toco	toco	Eu ___ violão
tocos	tocos	Restos de tronco cortado
tocou	tocou	O telefone ___ de madrugada
toda	toda	Inteira, completa
todas	todas	___ as meninas vieram
todo	todo	Inteiro, completo
todos	todos	Ninguém ficou de fora: ___ vieram
tofu	tofu	Queijo de soja
toga	toga	Veste de juiz
tola	tola	Boba, ingênua
tolas	tolas	Bobas, sem juízo
toldo	toldo	Cobertura de lona na fachada
tolo	tolo	Bobo, ingênuo
tolos	tolos	Bobos, ingênuos
tom	tom	Nuance de cor; altura do som
toma	toma	Ele ___ café toda manhã
tomam	tomam	Eles ___ café de manhã
tomar	tomar	Beber; pegar
tomba	tomba	Cai, desaba
tombo	tombo	Queda
tomei	tomei	Eu ___ café cedo
tomem	tomem	___ cuidado, crianças!
tomo	tomo	Eu ___ café de manhã
tomou	tomou	Ela ___ banho cedo
tona	tona	Vir à ___
tonel	tonel	Barril grande de vinho
tons	tons	Nuances de cor
tonta	tonta	Zonza
tonto	tonto	Zonzo, atordoado
topa	topa	Aceita a proposta
topam	topam	Eles ___ qualquer parada
topar	topar	Aceitar a proposta
topei	topei	Eu ___ o convite na hora
topo	topo	Cume, ponto mais alto
topos	topos	Cumes, pontos mais altos
topou	topou	Aceitou a proposta
toque	toque	Contato leve com a mão
tora	tora	Tronco de árvore cortado
toras	toras	Troncos cortados de madeira
torax	tórax	Peito
torca	torça	___ por nós!
torce	torce	Ele ___ pelo time da cidade
torci	torci	Eu ___ o tornozelo
torco	torço	Eu ___ pelo meu time
torna	torna	Isso ___ tudo mais fácil
torne	torne	Que isso não se ___ hábito
torno	torno	Em ___ de (cerca de)
torpe	torpe	Vil, infame
torre	torre	Construção alta e estreita
torso	torso	Tronco do corpo
torta	torta	Massa assada com recheio
torto	torto	Não reto
tosa	tosa	Corte de pelo do cão
tosca	tosca	Rústica, grosseira
tosco	tosco	Grosseiro, rústico
tosse	tosse	Sintoma de gripe
total	total	Soma; completo
totem	totem	Poste indígena entalhado
touca	touca	Gorro de lã
touro	touro	Boi não castrado
traca	traça	Inseto que rói roupas
trace	trace	___ uma linha reta
traco	traço	Risco feito a lápis
traem	traem	Eles ___ a confiança
traga	traga	___ um guarda-chuva!
trago	trago	Eu ___ o bolo amanhã
trai	traí	Eu ___ a confiança dele
traia	traia	Nunca ___ um amigo
trair	trair	Ser infiel
traiu	traiu	Ele ___ o amigo
traje	traje	Roupa, vestimenta
trama	trama	Enredo
trapo	trapo	Farrapo, pano velho
trara	trará	O correio ___ a encomenda amanhã
tras	trás	Olhar para ___
trata	trata	O livro ___ de amor
trate	trate	___ bem os animais
trato	trato	Acordo, combinado
trava	trava	Tranca de segurança
trave	trave	Poste do gol
traz	traz	Ele sempre ___ presentes
treco	treco	Coisa, troço
trela	trela	Dar ___ (dar conversa)
trem	trem	Comboio ferroviário
trema	trema	Os dois pontinhos sobre o u
treme	treme	Ele ___ de frio
tremo	tremo	Eu ___ de frio
treno	trenó	Veículo do Papai Noel
trens	trens	Andam sobre trilhos
tres	três	Número após o dois
treta	treta	Briga, confusão (gíria)
treva	treva	Escuridão profunda
trevo	trevo	Símbolo de sorte de quatro folhas
treze	treze	Dez mais três
tribo	tribo	Grupo indígena
trico	tricô	Trabalho com agulhas e lã
trigo	trigo	Cereal da farinha do pão
trio	trio	Grupo de três
tripa	tripa	Intestino de animal
tripe	tripé	Suporte de câmera com três hastes
triz	triz	Por um ___ (por pouco)
troca	troca	Permuta
troco	troco	Dinheiro devolvido na compra
trono	trono	Assento do rei
tropa	tropa	Conjunto de soldados
trote	trote	Brincadeira com calouros
trufa	trufa	Bombom de chocolate cremoso
trupe	trupe	Grupo de artistas
truta	truta	Peixe de rio
tua	tua	Possessivo feminino de tu
tuas	tuas	As minhas e as ___
tuba	tuba	Instrumento de sopro grave
tubo	tubo	Cano
tubos	tubos	Canos
tudo	tudo	Oposto de nada
tufao	tufão	Ciclone do Pacífico
tufo	tufo	Chumaço de cabelo
tufos	tufos	Chumaços de cabelo
tule	tule	Tecido fino do véu de noiva
tunel	túnel	Passagem subterrânea
turba	turba	Multidão agitada
turca	turca	Mulher nascida em Istambul
turco	turco	Nascido em Istambul
turfa	turfa	Material orgânico de pântanos
turma	turma	Grupo de colegas de classe
turne	turnê	Viagem de apresentações de artista
turno	turno	Período de trabalho
turva	turva	Não transparente, embaçada
turvo	turvo	Embaçado, não límpido
tussa	tussa	___ no cotovelo, não na mão
tutor	tutor	Orientador, protetor
tutu	tutu	Prato mineiro de feijão
uau	uau	Expressão de admiração
ufa	ufa	Expressão de alívio
uiva	uiva	O lobo ___ para a lua
uivar	uivar	Fazer como o lobo à lua
uivo	uivo	Som do lobo
uivos	uivos	Sons do lobo
ulna	ulna	Osso do antebraço
uma	uma	Artigo indefinido feminino
umas	umas	Artigo indefinido feminino plural
umero	úmero	Osso do braço
umida	úmida	Molhada, não seca
umido	úmido	Levemente molhado
unam	unam	Peço que todos se ___
uncao	unção	Aplicação de óleo sagrado
une	une	Junta, liga
unem	unem	Os noivos se ___
unha	unha	Pinta-se com esmalte
unhas	unhas	Pintadas na manicure
uni	uni	Eu ___ as duas pontas
unia	unia	Ele ___ o útil ao agradável
uniao	união	Junção, aliança
unica	única	Filha ___ (sem irmãos)
unico	único	Só um; exclusivo
unida	unida	Junta, ligada
unido	unido	Junto, ligado
unir	unir	Juntar
unira	unirá	O padre ___ o casal amanhã
uniu	uniu	O casamento ___ as famílias
uns	uns	Artigo indefinido masculino plural
urdu	urdu	Língua oficial do Paquistão
urge	urge	É premente, não pode esperar
urina	urina	Xixi
urna	urna	Caixa de votação
urnas	urnas	Caixas de votação
urra	urra	O leão ___ na savana
ursa	ursa	___ Maior (constelação)
urso	urso	Animal que hiberna
ursos	ursos	Hibernam no inverno
urubu	urubu	Ave preta que come carniça
usa	usa	Ele ___ óculos
usada	usada	Roupa ___, de brechó
usado	usado	De segunda mão
usam	usam	Elas ___ óculos escuros
usar	usar	Empregar, utilizar
usara	usará	Amanhã ela ___ o vestido novo
usava	usava	Ele sempre ___ chapéu
use	use	___ protetor solar!
usei	usei	Eu ___ o celular ontem
usem	usem	Peço que ___ o cinto
usina	usina	Fábrica de energia elétrica
uso	uso	Emprego, utilização
usos	usos	Utilidades, empregos
usou	usou	Ela ___ o vestido novo
usual	usual	Habitual, comum
uteis	úteis	Dias ___ (de segunda a sexta)
utero	útero	Órgão onde o bebê se desenvolve
util	útil	Que serve para algo
uva	uva	Fruta do vinho
uvas	uvas	Frutas do vinho
vaca	vaca	Animal que dá leite
vacas	vacas	Dão leite no curral
vacuo	vácuo	Espaço sem ar
vadio	vadio	Desocupado, vagabundo
vaga	vaga	Lugar no estacionamento
vagam	vagam	Andam sem rumo
vagao	vagão	Carro de trem
vagar	vagar	Andar sem rumo
vagas	vagas	Lugares no estacionamento
vagem	vagem	Feijão verde
vago	vago	Desocupado; impreciso
vagos	vagos	Imprecisos, indefinidos
vagou	vagou	Ficou desocupado, como o cargo
vai	vai	Ele ___ à praia amanhã
vaia	vaia	Protesto do público com assobios
vaiar	vaiar	Reprovar com assobios e gritos
vaias	vaias	Assobios de reprovação
vala	vala	Escavação comprida no chão
valas	valas	Fossos escavados no chão
vale	vale	Terreno entre montanhas
valem	valem	Quanto ___ essas ações?
valer	valer	Ter preço; custar
vales	vales	Terras entre montanhas
valeu	valeu	Obrigado, informalmente
valha	valha	Que o esforço ___ a pena
valho	valho	Quanto eu ___?
valia	valia	O prêmio ___ mil reais
valor	valor	Preço; mérito
valsa	valsa	Dança da festa de 15 anos
vamos	vamos	___ embora, pessoal!
vans	vans	Peruas de transporte escolar
vao	vão	Eles ___ viajar amanhã
vapor	vapor	Água em estado gasoso
vara	vara	___ de pescar
varal	varal	Fio onde se estende a roupa
varao	varão	Barra de metal da cortina
varas	varas	Bastões finos e compridos
varia	varia	Muda, oscila
varra	varra	___ a sala antes da visita
varre	varre	Ela ___ a casa toda manhã
varro	varro	Eu ___ a casa aos sábados
vaso	vaso	Recipiente para flores
vasos	vasos	Recipientes para plantas
vasta	vasta	Ampla, extensa
vasto	vasto	Amplo, imenso
vaza	vaza	Escoa por uma fresta
vazam	vazam	Os canos ___ água
vazao	vazão	Escoamento de líquido
vazar	vazar	Deixar escapar líquido
vazei	vazei	Eu ___ o segredo sem querer
vazem	vazem	Que os segredos não ___
vazia	vazia	Garrafa ___, sem nada
vazio	vazio	Sem nada dentro
vazou	vazou	A notícia ___ na imprensa
veda	veda	Fecha bem, lacra
vedo	vedo	Eu ___ a janela com silicone
veem	veem	Eles ___ TV à noite
veia	veia	Vaso sanguíneo
veias	veias	Vasos sanguíneos
veio	veio	Ele ___ de ônibus ontem
veja	veja	___ só que coisa!
vejam	vejam	___ só que beleza!
vejo	vejo	Até mais, ___ você amanhã
vela	vela	Acesa no apagão
velar	velar	Vigiar, zelar por
velas	velas	Acesas no bolo de aniversário
velha	velha	Contrário de nova
velho	velho	Idoso, antigo
veloz	veloz	Rápido
vem	vem	Ela ___ de ônibus todo dia
vemos	vemos	Nós nos ___ amanhã
venca	vença	Que ___ o melhor!
vence	vence	Ganha
venci	venci	Eu ___ a partida
venco	venço	Eu sempre ___ no xadrez
venda	venda	Oposto de compra
vende	vende	A loja ___ roupas
vendi	vendi	Eu ___ meu carro
vendo	vendo	Estou ___ televisão
venha	venha	___ cá, depressa!
venho	venho	Eu ___ de longe
venta	venta	Aqui ___ muito à tarde
vento	vento	Ar em movimento
ver	ver	Enxergar
vera	verá	Quem viver ___
verao	verão	Estação mais quente do ano
verba	verba	Dinheiro reservado, orçamento
verbo	verbo	Palavra que indica ação
verde	verde	Cor da grama
verei	verei	Amanhã eu ___ o filme
verem	verem	Antes de eles ___ o final
verga	verga	Curva, entorta
veria	veria	Se pudesse, eu ___ o filme
verme	verme	Lombriga, parasita
versa	versa	Vice-___
verso	verso	Linha de poema
verte	verte	Derrama, jorra
vespa	vespa	Inseto que ferroa
veste	veste	Traje, roupa
vesti	vesti	Eu ___ o casaco
vetar	vetar	Proibir, barrar
veto	veto	Proibição presidencial
vetor	vetor	Grandeza com direção e sentido
vetou	vetou	Barrou o projeto de lei
veu	véu	Tecido que cobre o rosto da noiva
veus	véus	Cobrem o rosto das noivas
vez	vez	Ocasião; turno
vezes	vezes	Ocasiões
via	via	Estrada, caminho
viaja	viaja	Ele ___ de férias
viaje	viaje	Que você ___ muito nas férias
viajo	viajo	Eu ___ nas férias
viam	viam	Eles se ___ todo dia
vias	vias	Caminhos; estradas
vibra	vibra	Treme, estremece
vice	vice	Substituto do presidente
vicia	vicia	Causa dependência
vicio	vício	Hábito ruim difícil de largar
vida	vida	Existência
vidas	vidas	Existências
video	vídeo	Filmagem, gravação
vidro	vidro	Material transparente da janela
viela	viela	Rua estreita, beco
vier	vier	Se ele ___ amanhã
vies	viés	Tendência, parcialidade
viga	viga	Barra de concreto da obra
vigas	vigas	Barras de apoio da laje
vigia	vigia	Guarda noturno
vigie	vigie	___ a bolsa no ônibus
vigio	vigio	Eu ___ a casa à noite
vigor	vigor	Força, energia
vil	vil	Desprezível
vila	vila	Pequena povoação
vilao	vilão	O malvado da história
vilas	vilas	Pequenos povoados
vim	vim	Eu ___ de ônibus hoje
vime	vime	Fibra de cestos e cadeiras
vimos	vimos	Nós ___ o pôr do sol
vinda	vinda	Chegada
vindo	vindo	Bem-___ ao Brasil!
vinga	vinga	Dá certo, prospera
vinha	vinha	Ele ___ a pé todo dia
vinho	vinho	Bebida feita de uva
vinil	vinil	Material dos discos LP
vinte	vinte	Dezenove mais um
viola	viola	Instrumento do caipira
viole	viole	Que ninguém ___ a lei
vir	vir	Chegar, aproximar-se
vira	virá	Ela ___ amanhã cedo
viral	viral	Que se espalha na internet
viram	viram	Eles ___ o filme ontem
virao	virão	Eles ___ amanhã
virar	virar	Girar; tornar-se
vire	vire	___ à direita na esquina
virei	virei	Eu ___ à direita
virem	virem	Quando vocês ___ aqui
viria	viria	Ele disse que ___ hoje
viril	viril	Másculo
viris	viris	Másculos, varonis
viro	viro	Eu ___ à esquerda na esquina
virou	virou	O barco ___ no mar
virus	vírus	Causador da gripe
vis	vis	Desprezíveis, infames
visa	visa	Tem como meta
visam	visam	Eles ___ o lucro
visao	visão	Sentido dos olhos
visor	visor	Tela da calculadora
visse	visse	Se você ___ a cena!
vista	vista	Panorama, paisagem
visto	visto	Autorização de entrada em outro país
vital	vital	Essencial, fundamental
viu	viu	Você ___ o jogo ontem?
viuva	viúva	Mulher que perdeu o marido
viuvo	viúvo	Homem que perdeu a esposa
viva	viva	Grito de celebração
vivam	vivam	___ os noivos!
vivas	vivas	Aclamações, hurras
vivaz	vivaz	Cheio de vida
vive	vive	Ele ___ no Rio
vivem	vivem	Eles ___ felizes para sempre
viver	viver	Existir; morar
viveu	viveu	Ele ___ cem anos
vivi	vivi	Eu ___ muitos anos lá
vivia	vivia	Ele ___ no campo
vivo	vivo	Eu ___ no Rio há anos
vivos	vivos	Intensos, como cores
voa	voa	O pássaro ___
voam	voam	Os pássaros ___
voar	voar	Deslocar-se pelo ar, como as aves
voara	voará	O avião ___ amanhã
voava	voava	A pipa ___ alto naquela tarde
vocal	vocal	Relativo à voz
voce	você	Pronome de tratamento informal
voces	vocês	___ vêm à festa amanhã?
vodca	vodca	Aguardente russa
vodu	vodu	Culto de origem haitiana
voe	voe	___ alto, passarinho
voei	voei	Eu ___ de avião ontem
voem	voem	Que os pássaros ___ livres
voga	voga	Estar em ___ (na moda)
vogal	vogal	A, E, I, O ou U
volei	vôlei	Esporte de rede e bola
volta	volta	Retorno
volte	volte	___ logo, por favor!
volto	volto	Eu ___ já, espere aqui
volts	volts	Unidades de tensão elétrica
voo	voo	Viagem de avião
voos	voos	Viagens de avião
voou	voou	O pássaro ___ alto
voraz	voraz	Esfomeado, insaciável
vossa	vossa	___ Excelência
vota	vota	O eleitor ___ na urna
votam	votam	Eleitores ___ em outubro
votar	votar	Escolher na urna
vote	vote	___ com consciência
votei	votei	Eu ___ na eleição
votem	votem	___ em mim, eleitores!
voto	voto	Escolha na urna
votos	votos	Escolhas nas urnas
votou	votou	Ele ___ na eleição
vou	vou	Eu ___ ao cinema hoje
vovo	vovó	Mãe do pai ou da mãe, com carinho
vovos	vovós	Mães dos pais, com carinho
voz	voz	Som emitido ao falar
vozes	vozes	Sons do coral
vulgo	vulgo	Também conhecido como
vulto	vulto	Sombra que passa rápido
xale	xale	Manta sobre os ombros
xama	xamã	Pajé, curandeiro
xamas	xamãs	Pajés, curandeiros tribais
xampu	xampu	Produto para lavar o cabelo
xara	xará	Pessoa com o mesmo nome
xeque	xeque	___-mate (fim do xadrez)
xinga	xinga	Diz palavrões
xis	xis	O ___ da questão
xisto	xisto	Rocha laminada; gás de ___
zanga	zanga	Irritação, raiva
zebra	zebra	Animal listrado da savana
zelar	zelar	Cuidar com atenção
zelo	zelo	Cuidado, dedicação
zen	zen	Calmo, tranquilo
zerar	zerar	Anular totalmente um saldo
zero	zero	Nenhum, em números
zeros	zeros	Notas nulas na prova
zinco	zinco	Metal azulado usado em telhados
ziper	zíper	Fecho de calça
zoa	zoa	Tira sarro, brinca
zoada	zoada	Barulho, algazarra
zoado	zoado	Bagunçado, na gíria
zoar	zoar	Caçoar (gíria)
zomba	zomba	Caçoa
zombe	zombe	Não ___ dos outros
zonas	zonas	Regiões, áreas
zonza	zonza	Tonta
zonzo	zonzo	Tonto, atordoado
zumbi	zumbi	Morto-vivo
